name,iterations,real_time,cpu_time,time_unit,bytes_per_second,items_per_second,label,error_occurred,error_message
"BM_convolution_par/1/1/1/iterations:5",5,1.61649e+08,1.56391e+08,ns,,,,,
"BM_convolution_par/1/1/2/iterations:5",5,1.33228e+08,1.28758e+08,ns,,,,,
"BM_convolution_par/1/1/3/iterations:5",5,1.30424e+08,1.25433e+08,ns,,,,,
"BM_convolution_par/1/1/4/iterations:5",5,1.31558e+08,1.26781e+08,ns,,,,,
"BM_convolution_par/1/1/5/iterations:5",5,1.33321e+08,1.28207e+08,ns,,,,,
"BM_convolution_par/1/1/6/iterations:5",5,1.31405e+08,1.2668e+08,ns,,,,,
"BM_convolution_par/1/1/7/iterations:5",5,1.3244e+08,1.2774e+08,ns,,,,,
"BM_convolution_par/1/1/8/iterations:5",5,1.36109e+08,1.31893e+08,ns,,,,,
"BM_convolution_par/1/1/9/iterations:5",5,1.3322e+08,1.27918e+08,ns,,,,,
"BM_convolution_par/1/1/10/iterations:5",5,1.32263e+08,1.27316e+08,ns,,,,,
"BM_convolution_par/1/1/11/iterations:5",5,1.36114e+08,1.31266e+08,ns,,,,,
"BM_convolution_par/2/1/1/iterations:5",5,1.32621e+08,1.28467e+08,ns,,,,,
"BM_convolution_par/2/1/2/iterations:5",5,1.32054e+08,1.27265e+08,ns,,,,,
"BM_convolution_par/2/1/3/iterations:5",5,1.31944e+08,1.2723e+08,ns,,,,,
"BM_convolution_par/2/1/4/iterations:5",5,1.35208e+08,1.30422e+08,ns,,,,,
"BM_convolution_par/2/1/5/iterations:5",5,1.3508e+08,1.29694e+08,ns,,,,,
"BM_convolution_par/2/1/6/iterations:5",5,1.33288e+08,1.27442e+08,ns,,,,,
"BM_convolution_par/2/1/7/iterations:5",5,1.375e+08,1.3206e+08,ns,,,,,
"BM_convolution_par/2/1/8/iterations:5",5,1.45534e+08,1.40706e+08,ns,,,,,
"BM_convolution_par/2/1/9/iterations:5",5,1.34938e+08,1.30095e+08,ns,,,,,
"BM_convolution_par/2/1/10/iterations:5",5,1.38253e+08,1.3323e+08,ns,,,,,
"BM_convolution_par/2/1/11/iterations:5",5,1.39994e+08,1.35753e+08,ns,,,,,
"BM_convolution_par/3/1/1/iterations:5",5,1.44523e+08,1.39726e+08,ns,,,,,
"BM_convolution_par/3/1/2/iterations:5",5,1.35522e+08,1.30662e+08,ns,,,,,
"BM_convolution_par/3/1/3/iterations:5",5,1.3467e+08,1.2942e+08,ns,,,,,
"BM_convolution_par/3/1/4/iterations:5",5,1.37756e+08,1.32316e+08,ns,,,,,
"BM_convolution_par/3/1/5/iterations:5",5,1.34024e+08,1.29092e+08,ns,,,,,
"BM_convolution_par/3/1/6/iterations:5",5,1.3568e+08,1.30555e+08,ns,,,,,
"BM_convolution_par/3/1/7/iterations:5",5,1.34866e+08,1.30299e+08,ns,,,,,
"BM_convolution_par/3/1/8/iterations:5",5,1.40993e+08,1.35055e+08,ns,,,,,
"BM_convolution_par/3/1/9/iterations:5",5,1.38983e+08,1.32936e+08,ns,,,,,
"BM_convolution_par/3/1/10/iterations:5",5,1.37632e+08,1.32372e+08,ns,,,,,
"BM_convolution_par/3/1/11/iterations:5",5,1.39057e+08,1.32468e+08,ns,,,,,
"BM_convolution_par/4/1/1/iterations:5",5,1.38982e+08,1.336e+08,ns,,,,,
"BM_convolution_par/4/1/2/iterations:5",5,1.34177e+08,1.2864e+08,ns,,,,,
"BM_convolution_par/4/1/3/iterations:5",5,1.32971e+08,1.2775e+08,ns,,,,,
"BM_convolution_par/4/1/4/iterations:5",5,1.33052e+08,1.27708e+08,ns,,,,,
"BM_convolution_par/4/1/5/iterations:5",5,1.3588e+08,1.31438e+08,ns,,,,,
"BM_convolution_par/4/1/6/iterations:5",5,1.34303e+08,1.30021e+08,ns,,,,,
"BM_convolution_par/4/1/7/iterations:5",5,1.37166e+08,1.32826e+08,ns,,,,,
"BM_convolution_par/4/1/8/iterations:5",5,1.34923e+08,1.2887e+08,ns,,,,,
"BM_convolution_par/4/1/9/iterations:5",5,1.36145e+08,1.30628e+08,ns,,,,,
"BM_convolution_par/4/1/10/iterations:5",5,1.37392e+08,1.32439e+08,ns,,,,,
"BM_convolution_par/4/1/11/iterations:5",5,1.32992e+08,1.2735e+08,ns,,,,,
"BM_convolution_par/5/1/1/iterations:5",5,1.39006e+08,1.33876e+08,ns,,,,,
"BM_convolution_par/5/1/2/iterations:5",5,1.36112e+08,1.31061e+08,ns,,,,,
"BM_convolution_par/5/1/3/iterations:5",5,1.35306e+08,1.30658e+08,ns,,,,,
"BM_convolution_par/5/1/4/iterations:5",5,1.34707e+08,1.29388e+08,ns,,,,,
"BM_convolution_par/5/1/5/iterations:5",5,1.3503e+08,1.29995e+08,ns,,,,,
"BM_convolution_par/5/1/6/iterations:5",5,1.38107e+08,1.32701e+08,ns,,,,,
"BM_convolution_par/5/1/7/iterations:5",5,1.3424e+08,1.29658e+08,ns,,,,,
"BM_convolution_par/5/1/8/iterations:5",5,1.35473e+08,1.3109e+08,ns,,,,,
"BM_convolution_par/5/1/9/iterations:5",5,1.34967e+08,1.29907e+08,ns,,,,,
"BM_convolution_par/5/1/10/iterations:5",5,1.38298e+08,1.33985e+08,ns,,,,,
"BM_convolution_par/5/1/11/iterations:5",5,1.35862e+08,1.31354e+08,ns,,,,,
"BM_convolution_par/1/100/1/iterations:5",5,1.33036e+08,1.28559e+08,ns,,,,,
"BM_convolution_par/1/100/2/iterations:5",5,1.33119e+08,1.29e+08,ns,,,,,
"BM_convolution_par/1/100/3/iterations:5",5,1.3572e+08,1.30867e+08,ns,,,,,
"BM_convolution_par/1/100/4/iterations:5",5,1.36269e+08,1.3108e+08,ns,,,,,
"BM_convolution_par/1/100/5/iterations:5",5,1.35911e+08,1.31613e+08,ns,,,,,
"BM_convolution_par/1/100/6/iterations:5",5,1.36774e+08,1.31004e+08,ns,,,,,
"BM_convolution_par/1/100/7/iterations:5",5,1.36805e+08,1.32151e+08,ns,,,,,
"BM_convolution_par/1/100/8/iterations:5",5,1.37774e+08,1.33045e+08,ns,,,,,
"BM_convolution_par/1/100/9/iterations:5",5,1.36615e+08,1.30937e+08,ns,,,,,
"BM_convolution_par/1/100/10/iterations:5",5,1.38104e+08,1.33203e+08,ns,,,,,
"BM_convolution_par/1/100/11/iterations:5",5,1.38954e+08,1.34975e+08,ns,,,,,
"BM_convolution_par/1/200/1/iterations:5",5,1.34015e+08,1.28696e+08,ns,,,,,
"BM_convolution_par/1/200/2/iterations:5",5,1.37514e+08,1.32875e+08,ns,,,,,
"BM_convolution_par/1/200/3/iterations:5",5,1.35489e+08,1.31527e+08,ns,,,,,
"BM_convolution_par/1/200/4/iterations:5",5,1.35426e+08,1.30768e+08,ns,,,,,
"BM_convolution_par/1/200/5/iterations:5",5,1.37145e+08,1.32279e+08,ns,,,,,
"BM_convolution_par/1/200/6/iterations:5",5,1.39922e+08,1.34685e+08,ns,,,,,
"BM_convolution_par/1/200/7/iterations:5",5,1.38628e+08,1.3439e+08,ns,,,,,
"BM_convolution_par/1/200/8/iterations:5",5,1.42594e+08,1.37887e+08,ns,,,,,
"BM_convolution_par/1/200/9/iterations:5",5,1.41819e+08,1.37e+08,ns,,,,,
"BM_convolution_par/1/200/10/iterations:5",5,1.44616e+08,1.39219e+08,ns,,,,,
"BM_convolution_par/1/200/11/iterations:5",5,1.42827e+08,1.38831e+08,ns,,,,,
"BM_convolution_par/1/300/1/iterations:5",5,1.35594e+08,1.3075e+08,ns,,,,,
"BM_convolution_par/1/300/2/iterations:5",5,1.34917e+08,1.30175e+08,ns,,,,,
"BM_convolution_par/1/300/3/iterations:5",5,1.44076e+08,1.3908e+08,ns,,,,,
"BM_convolution_par/1/300/4/iterations:5",5,1.40701e+08,1.35746e+08,ns,,,,,
"BM_convolution_par/1/300/5/iterations:5",5,1.39075e+08,1.3477e+08,ns,,,,,
"BM_convolution_par/1/300/6/iterations:5",5,1.41864e+08,1.37324e+08,ns,,,,,
"BM_convolution_par/1/300/7/iterations:5",5,1.41294e+08,1.36831e+08,ns,,,,,
"BM_convolution_par/1/300/8/iterations:5",5,1.42086e+08,1.37727e+08,ns,,,,,
"BM_convolution_par/1/300/9/iterations:5",5,1.453e+08,1.4053e+08,ns,,,,,
"BM_convolution_par/1/300/10/iterations:5",5,1.46606e+08,1.42083e+08,ns,,,,,
"BM_convolution_par/1/300/11/iterations:5",5,1.52055e+08,1.46059e+08,ns,,,,,
"BM_convolution_par/1/400/1/iterations:5",5,1.36587e+08,1.32555e+08,ns,,,,,
"BM_convolution_par/1/400/2/iterations:5",5,1.38756e+08,1.34334e+08,ns,,,,,
"BM_convolution_par/1/400/3/iterations:5",5,1.35953e+08,1.31583e+08,ns,,,,,
"BM_convolution_par/1/400/4/iterations:5",5,1.40142e+08,1.35637e+08,ns,,,,,
"BM_convolution_par/1/400/5/iterations:5",5,1.41641e+08,1.35972e+08,ns,,,,,
"BM_convolution_par/1/400/6/iterations:5",5,1.40556e+08,1.36354e+08,ns,,,,,
"BM_convolution_par/1/400/7/iterations:5",5,1.40871e+08,1.36441e+08,ns,,,,,
"BM_convolution_par/1/400/8/iterations:5",5,1.46573e+08,1.42305e+08,ns,,,,,
"BM_convolution_par/1/400/9/iterations:5",5,1.49382e+08,1.44957e+08,ns,,,,,
"BM_convolution_par/1/400/10/iterations:5",5,1.52075e+08,1.47109e+08,ns,,,,,
"BM_convolution_par/1/400/11/iterations:5",5,1.55249e+08,1.49086e+08,ns,,,,,
"BM_convolution_par/1/500/1/iterations:5",5,1.34222e+08,1.28565e+08,ns,,,,,
"BM_convolution_par/1/500/2/iterations:5",5,1.40834e+08,1.3629e+08,ns,,,,,
"BM_convolution_par/1/500/3/iterations:5",5,1.38276e+08,1.3398e+08,ns,,,,,
"BM_convolution_par/1/500/4/iterations:5",5,1.39166e+08,1.34886e+08,ns,,,,,
"BM_convolution_par/1/500/5/iterations:5",5,1.45796e+08,1.41138e+08,ns,,,,,
"BM_convolution_par/1/500/6/iterations:5",5,1.45866e+08,1.41541e+08,ns,,,,,
"BM_convolution_par/1/500/7/iterations:5",5,1.50876e+08,1.46605e+08,ns,,,,,
"BM_convolution_par/1/500/8/iterations:5",5,1.48613e+08,1.42716e+08,ns,,,,,
"BM_convolution_par/1/500/9/iterations:5",5,1.63845e+08,1.59464e+08,ns,,,,,
"BM_convolution_par/1/500/10/iterations:5",5,1.64159e+08,1.58828e+08,ns,,,,,
"BM_convolution_par/1/500/11/iterations:5",5,1.66493e+08,1.61881e+08,ns,,,,,
"BM_convolution_par/2/100/1/iterations:5",5,1.35836e+08,1.31536e+08,ns,,,,,
"BM_convolution_par/2/100/2/iterations:5",5,1.38844e+08,1.33629e+08,ns,,,,,
"BM_convolution_par/2/100/3/iterations:5",5,1.37613e+08,1.32176e+08,ns,,,,,
"BM_convolution_par/2/100/4/iterations:5",5,1.37099e+08,1.31449e+08,ns,,,,,
"BM_convolution_par/2/100/5/iterations:5",5,1.3613e+08,1.30351e+08,ns,,,,,
"BM_convolution_par/2/100/6/iterations:5",5,1.38791e+08,1.33577e+08,ns,,,,,
"BM_convolution_par/2/100/7/iterations:5",5,1.39019e+08,1.34326e+08,ns,,,,,
"BM_convolution_par/2/100/8/iterations:5",5,1.35005e+08,1.30791e+08,ns,,,,,
"BM_convolution_par/2/100/9/iterations:5",5,1.41626e+08,1.373e+08,ns,,,,,
"BM_convolution_par/2/100/10/iterations:5",5,1.41932e+08,1.37497e+08,ns,,,,,
"BM_convolution_par/2/100/11/iterations:5",5,1.40772e+08,1.36691e+08,ns,,,,,
"BM_convolution_par/2/200/1/iterations:5",5,1.36818e+08,1.31968e+08,ns,,,,,
"BM_convolution_par/2/200/2/iterations:5",5,1.40998e+08,1.35157e+08,ns,,,,,
"BM_convolution_par/2/200/3/iterations:5",5,1.41151e+08,1.35704e+08,ns,,,,,
"BM_convolution_par/2/200/4/iterations:5",5,1.41338e+08,1.36693e+08,ns,,,,,
"BM_convolution_par/2/200/5/iterations:5",5,1.37672e+08,1.33072e+08,ns,,,,,
"BM_convolution_par/2/200/6/iterations:5",5,1.41021e+08,1.36873e+08,ns,,,,,
"BM_convolution_par/2/200/7/iterations:5",5,1.41664e+08,1.35909e+08,ns,,,,,
"BM_convolution_par/2/200/8/iterations:5",5,1.4329e+08,1.38478e+08,ns,,,,,
"BM_convolution_par/2/200/9/iterations:5",5,1.42369e+08,1.3587e+08,ns,,,,,
"BM_convolution_par/2/200/10/iterations:5",5,1.43135e+08,1.39006e+08,ns,,,,,
"BM_convolution_par/2/200/11/iterations:5",5,1.44619e+08,1.40173e+08,ns,,,,,
"BM_convolution_par/2/300/1/iterations:5",5,1.38159e+08,1.3319e+08,ns,,,,,
"BM_convolution_par/2/300/2/iterations:5",5,1.35054e+08,1.30576e+08,ns,,,,,
"BM_convolution_par/2/300/3/iterations:5",5,1.37945e+08,1.32108e+08,ns,,,,,
"BM_convolution_par/2/300/4/iterations:5",5,1.41055e+08,1.36429e+08,ns,,,,,
"BM_convolution_par/2/300/5/iterations:5",5,1.40954e+08,1.36446e+08,ns,,,,,
"BM_convolution_par/2/300/6/iterations:5",5,1.40093e+08,1.35225e+08,ns,,,,,
"BM_convolution_par/2/300/7/iterations:5",5,1.44243e+08,1.39242e+08,ns,,,,,
"BM_convolution_par/2/300/8/iterations:5",5,1.44668e+08,1.39716e+08,ns,,,,,
"BM_convolution_par/2/300/9/iterations:5",5,1.45664e+08,1.40807e+08,ns,,,,,
"BM_convolution_par/2/300/10/iterations:5",5,1.4722e+08,1.42615e+08,ns,,,,,
"BM_convolution_par/2/300/11/iterations:5",5,1.5309e+08,1.47989e+08,ns,,,,,
"BM_convolution_par/2/400/1/iterations:5",5,1.36421e+08,1.30871e+08,ns,,,,,
"BM_convolution_par/2/400/2/iterations:5",5,1.39031e+08,1.34853e+08,ns,,,,,
"BM_convolution_par/2/400/3/iterations:5",5,1.38857e+08,1.35131e+08,ns,,,,,
"BM_convolution_par/2/400/4/iterations:5",5,1.40498e+08,1.35546e+08,ns,,,,,
"BM_convolution_par/2/400/5/iterations:5",5,1.41154e+08,1.36725e+08,ns,,,,,
"BM_convolution_par/2/400/6/iterations:5",5,1.45992e+08,1.4109e+08,ns,,,,,
"BM_convolution_par/2/400/7/iterations:5",5,1.48249e+08,1.43644e+08,ns,,,,,
"BM_convolution_par/2/400/8/iterations:5",5,1.47981e+08,1.43285e+08,ns,,,,,
"BM_convolution_par/2/400/9/iterations:5",5,1.51897e+08,1.47031e+08,ns,,,,,
"BM_convolution_par/2/400/10/iterations:5",5,1.54422e+08,1.48744e+08,ns,,,,,
"BM_convolution_par/2/400/11/iterations:5",5,1.63809e+08,1.58464e+08,ns,,,,,
"BM_convolution_par/2/500/1/iterations:5",5,1.3486e+08,1.29346e+08,ns,,,,,
"BM_convolution_par/2/500/2/iterations:5",5,1.3814e+08,1.33957e+08,ns,,,,,
"BM_convolution_par/2/500/3/iterations:5",5,1.39905e+08,1.34717e+08,ns,,,,,
"BM_convolution_par/2/500/4/iterations:5",5,1.38558e+08,1.32477e+08,ns,,,,,
"BM_convolution_par/2/500/5/iterations:5",5,1.43757e+08,1.38289e+08,ns,,,,,
"BM_convolution_par/2/500/6/iterations:5",5,1.49969e+08,1.45212e+08,ns,,,,,
"BM_convolution_par/2/500/7/iterations:5",5,1.48902e+08,1.4461e+08,ns,,,,,
"BM_convolution_par/2/500/8/iterations:5",5,1.52934e+08,1.48303e+08,ns,,,,,
"BM_convolution_par/2/500/9/iterations:5",5,1.58514e+08,1.54047e+08,ns,,,,,
"BM_convolution_par/2/500/10/iterations:5",5,1.59946e+08,1.55357e+08,ns,,,,,
"BM_convolution_par/2/500/11/iterations:5",5,1.61555e+08,1.57143e+08,ns,,,,,
"BM_convolution_par/3/100/1/iterations:5",5,1.33526e+08,1.29563e+08,ns,,,,,
"BM_convolution_par/3/100/2/iterations:5",5,1.35261e+08,1.30567e+08,ns,,,,,
"BM_convolution_par/3/100/3/iterations:5",5,1.41216e+08,1.35908e+08,ns,,,,,
"BM_convolution_par/3/100/4/iterations:5",5,1.36268e+08,1.31791e+08,ns,,,,,
"BM_convolution_par/3/100/5/iterations:5",5,1.34514e+08,1.30167e+08,ns,,,,,
"BM_convolution_par/3/100/6/iterations:5",5,1.35124e+08,1.30686e+08,ns,,,,,
"BM_convolution_par/3/100/7/iterations:5",5,1.36864e+08,1.3265e+08,ns,,,,,
"BM_convolution_par/3/100/8/iterations:5",5,1.37192e+08,1.32537e+08,ns,,,,,
"BM_convolution_par/3/100/9/iterations:5",5,1.39825e+08,1.35507e+08,ns,,,,,
"BM_convolution_par/3/100/10/iterations:5",5,1.38557e+08,1.34218e+08,ns,,,,,
"BM_convolution_par/3/100/11/iterations:5",5,1.42009e+08,1.37748e+08,ns,,,,,
"BM_convolution_par/3/200/1/iterations:5",5,1.38309e+08,1.33012e+08,ns,,,,,
"BM_convolution_par/3/200/2/iterations:5",5,1.35295e+08,1.30499e+08,ns,,,,,
"BM_convolution_par/3/200/3/iterations:5",5,1.35116e+08,1.31138e+08,ns,,,,,
"BM_convolution_par/3/200/4/iterations:5",5,1.38071e+08,1.33147e+08,ns,,,,,
"BM_convolution_par/3/200/5/iterations:5",5,1.37907e+08,1.33862e+08,ns,,,,,
"BM_convolution_par/3/200/6/iterations:5",5,1.41181e+08,1.35742e+08,ns,,,,,
"BM_convolution_par/3/200/7/iterations:5",5,1.41543e+08,1.37584e+08,ns,,,,,
"BM_convolution_par/3/200/8/iterations:5",5,1.40886e+08,1.36927e+08,ns,,,,,
"BM_convolution_par/3/200/9/iterations:5",5,1.42463e+08,1.37758e+08,ns,,,,,
"BM_convolution_par/3/200/10/iterations:5",5,1.41459e+08,1.37047e+08,ns,,,,,
"BM_convolution_par/3/200/11/iterations:5",5,1.45477e+08,1.39861e+08,ns,,,,,
"BM_convolution_par/3/300/1/iterations:5",5,1.35604e+08,1.30504e+08,ns,,,,,
"BM_convolution_par/3/300/2/iterations:5",5,1.36494e+08,1.32352e+08,ns,,,,,
"BM_convolution_par/3/300/3/iterations:5",5,1.35538e+08,1.31285e+08,ns,,,,,
"BM_convolution_par/3/300/4/iterations:5",5,1.39872e+08,1.35875e+08,ns,,,,,
"BM_convolution_par/3/300/5/iterations:5",5,1.41042e+08,1.36704e+08,ns,,,,,
"BM_convolution_par/3/300/6/iterations:5",5,1.4197e+08,1.37913e+08,ns,,,,,
"BM_convolution_par/3/300/7/iterations:5",5,1.41682e+08,1.36923e+08,ns,,,,,
"BM_convolution_par/3/300/8/iterations:5",5,1.45727e+08,1.40758e+08,ns,,,,,
"BM_convolution_par/3/300/9/iterations:5",5,1.47143e+08,1.42954e+08,ns,,,,,
"BM_convolution_par/3/300/10/iterations:5",5,1.48027e+08,1.43408e+08,ns,,,,,
"BM_convolution_par/3/300/11/iterations:5",5,1.5117e+08,1.46189e+08,ns,,,,,
"BM_convolution_par/3/400/1/iterations:5",5,1.37611e+08,1.3246e+08,ns,,,,,
"BM_convolution_par/3/400/2/iterations:5",5,1.40137e+08,1.35796e+08,ns,,,,,
"BM_convolution_par/3/400/3/iterations:5",5,1.3453e+08,1.30508e+08,ns,,,,,
"BM_convolution_par/3/400/4/iterations:5",5,1.39984e+08,1.3512e+08,ns,,,,,
"BM_convolution_par/3/400/5/iterations:5",5,1.39833e+08,1.34614e+08,ns,,,,,
"BM_convolution_par/3/400/6/iterations:5",5,1.40083e+08,1.35717e+08,ns,,,,,
"BM_convolution_par/3/400/7/iterations:5",5,1.48001e+08,1.43715e+08,ns,,,,,
"BM_convolution_par/3/400/8/iterations:5",5,1.52839e+08,1.48358e+08,ns,,,,,
"BM_convolution_par/3/400/9/iterations:5",5,1.57364e+08,1.5179e+08,ns,,,,,
"BM_convolution_par/3/400/10/iterations:5",5,1.57982e+08,1.53738e+08,ns,,,,,
"BM_convolution_par/3/400/11/iterations:5",5,1.6161e+08,1.57464e+08,ns,,,,,
"BM_convolution_par/3/500/1/iterations:5",5,1.34943e+08,1.3095e+08,ns,,,,,
"BM_convolution_par/3/500/2/iterations:5",5,1.37007e+08,1.32835e+08,ns,,,,,
"BM_convolution_par/3/500/3/iterations:5",5,1.42199e+08,1.37392e+08,ns,,,,,
"BM_convolution_par/3/500/4/iterations:5",5,1.36335e+08,1.31835e+08,ns,,,,,
"BM_convolution_par/3/500/5/iterations:5",5,1.40616e+08,1.36814e+08,ns,,,,,
"BM_convolution_par/3/500/6/iterations:5",5,1.44753e+08,1.39922e+08,ns,,,,,
"BM_convolution_par/3/500/7/iterations:5",5,1.47006e+08,1.42624e+08,ns,,,,,
"BM_convolution_par/3/500/8/iterations:5",5,1.47782e+08,1.43513e+08,ns,,,,,
"BM_convolution_par/3/500/9/iterations:5",5,1.56623e+08,1.51773e+08,ns,,,,,
"BM_convolution_par/3/500/10/iterations:5",5,1.60169e+08,1.56182e+08,ns,,,,,
"BM_convolution_par/3/500/11/iterations:5",5,1.65667e+08,1.60991e+08,ns,,,,,
"BM_convolution_par/4/100/1/iterations:5",5,1.37277e+08,1.31956e+08,ns,,,,,
"BM_convolution_par/4/100/2/iterations:5",5,1.37353e+08,1.31852e+08,ns,,,,,
"BM_convolution_par/4/100/3/iterations:5",5,1.37829e+08,1.3315e+08,ns,,,,,
"BM_convolution_par/4/100/4/iterations:5",5,1.39775e+08,1.33443e+08,ns,,,,,
"BM_convolution_par/4/100/5/iterations:5",5,1.36456e+08,1.32273e+08,ns,,,,,
"BM_convolution_par/4/100/6/iterations:5",5,1.37627e+08,1.33128e+08,ns,,,,,
"BM_convolution_par/4/100/7/iterations:5",5,1.39237e+08,1.33812e+08,ns,,,,,
"BM_convolution_par/4/100/8/iterations:5",5,1.39475e+08,1.34943e+08,ns,,,,,
"BM_convolution_par/4/100/9/iterations:5",5,1.4074e+08,1.34073e+08,ns,,,,,
"BM_convolution_par/4/100/10/iterations:5",5,1.40293e+08,1.36136e+08,ns,,,,,
"BM_convolution_par/4/100/11/iterations:5",5,1.44339e+08,1.39286e+08,ns,,,,,
"BM_convolution_par/4/200/1/iterations:5",5,1.32156e+08,1.274e+08,ns,,,,,
"BM_convolution_par/4/200/2/iterations:5",5,1.44893e+08,1.38581e+08,ns,,,,,
"BM_convolution_par/4/200/3/iterations:5",5,1.40687e+08,1.35549e+08,ns,,,,,
"BM_convolution_par/4/200/4/iterations:5",5,1.46647e+08,1.40433e+08,ns,,,,,
"BM_convolution_par/4/200/5/iterations:5",5,1.42924e+08,1.37883e+08,ns,,,,,
"BM_convolution_par/4/200/6/iterations:5",5,1.4195e+08,1.37926e+08,ns,,,,,
"BM_convolution_par/4/200/7/iterations:5",5,1.42196e+08,1.37357e+08,ns,,,,,
"BM_convolution_par/4/200/8/iterations:5",5,1.46015e+08,1.40467e+08,ns,,,,,
"BM_convolution_par/4/200/9/iterations:5",5,1.48957e+08,1.44034e+08,ns,,,,,
"BM_convolution_par/4/200/10/iterations:5",5,1.49168e+08,1.44452e+08,ns,,,,,
"BM_convolution_par/4/200/11/iterations:5",5,1.53678e+08,1.48621e+08,ns,,,,,
"BM_convolution_par/4/300/1/iterations:5",5,1.44231e+08,1.37939e+08,ns,,,,,
"BM_convolution_par/4/300/2/iterations:5",5,1.38618e+08,1.33588e+08,ns,,,,,
"BM_convolution_par/4/300/3/iterations:5",5,1.40469e+08,1.35809e+08,ns,,,,,
"BM_convolution_par/4/300/4/iterations:5",5,1.4242e+08,1.37339e+08,ns,,,,,
"BM_convolution_par/4/300/5/iterations:5",5,1.47895e+08,1.42772e+08,ns,,,,,
"BM_convolution_par/4/300/6/iterations:5",5,1.41744e+08,1.37753e+08,ns,,,,,
"BM_convolution_par/4/300/7/iterations:5",5,1.49119e+08,1.43817e+08,ns,,,,,
"BM_convolution_par/4/300/8/iterations:5",5,1.47645e+08,1.43425e+08,ns,,,,,
"BM_convolution_par/4/300/9/iterations:5",5,1.53124e+08,1.48047e+08,ns,,,,,
"BM_convolution_par/4/300/10/iterations:5",5,1.56068e+08,1.50824e+08,ns,,,,,
"BM_convolution_par/4/300/11/iterations:5",5,1.60441e+08,1.54794e+08,ns,,,,,
"BM_convolution_par/4/400/1/iterations:5",5,1.42275e+08,1.37502e+08,ns,,,,,
"BM_convolution_par/4/400/2/iterations:5",5,1.41517e+08,1.35941e+08,ns,,,,,
"BM_convolution_par/4/400/3/iterations:5",5,1.47566e+08,1.4233e+08,ns,,,,,
"BM_convolution_par/4/400/4/iterations:5",5,1.42897e+08,1.38235e+08,ns,,,,,
"BM_convolution_par/4/400/5/iterations:5",5,1.459e+08,1.40574e+08,ns,,,,,
"BM_convolution_par/4/400/6/iterations:5",5,1.50186e+08,1.44733e+08,ns,,,,,
"BM_convolution_par/4/400/7/iterations:5",5,1.49322e+08,1.44195e+08,ns,,,,,
"BM_convolution_par/4/400/8/iterations:5",5,1.54132e+08,1.48198e+08,ns,,,,,
"BM_convolution_par/4/400/9/iterations:5",5,1.60669e+08,1.55538e+08,ns,,,,,
"BM_convolution_par/4/400/10/iterations:5",5,1.64576e+08,1.59711e+08,ns,,,,,
"BM_convolution_par/4/400/11/iterations:5",5,1.63559e+08,1.58946e+08,ns,,,,,
"BM_convolution_par/4/500/1/iterations:5",5,1.45104e+08,1.40925e+08,ns,,,,,
"BM_convolution_par/4/500/2/iterations:5",5,1.46227e+08,1.42213e+08,ns,,,,,
"BM_convolution_par/4/500/3/iterations:5",5,1.43388e+08,1.3798e+08,ns,,,,,
"BM_convolution_par/4/500/4/iterations:5",5,1.46665e+08,1.4073e+08,ns,,,,,
"BM_convolution_par/4/500/5/iterations:5",5,1.47491e+08,1.42961e+08,ns,,,,,
"BM_convolution_par/4/500/6/iterations:5",5,1.53959e+08,1.48594e+08,ns,,,,,
"BM_convolution_par/4/500/7/iterations:5",5,1.56487e+08,1.50775e+08,ns,,,,,
"BM_convolution_par/4/500/8/iterations:5",5,1.6135e+08,1.54273e+08,ns,,,,,
"BM_convolution_par/4/500/9/iterations:5",5,1.65168e+08,1.59588e+08,ns,,,,,
"BM_convolution_par/4/500/10/iterations:5",5,1.63817e+08,1.58628e+08,ns,,,,,
"BM_convolution_par/4/500/11/iterations:5",5,1.65019e+08,1.59335e+08,ns,,,,,
"BM_convolution_par/5/100/1/iterations:5",5,1.41572e+08,1.37185e+08,ns,,,,,
"BM_convolution_par/5/100/2/iterations:5",5,1.35562e+08,1.30434e+08,ns,,,,,
"BM_convolution_par/5/100/3/iterations:5",5,1.37473e+08,1.32792e+08,ns,,,,,
"BM_convolution_par/5/100/4/iterations:5",5,1.41554e+08,1.36113e+08,ns,,,,,
"BM_convolution_par/5/100/5/iterations:5",5,1.40472e+08,1.35927e+08,ns,,,,,
"BM_convolution_par/5/100/6/iterations:5",5,1.3763e+08,1.33289e+08,ns,,,,,
"BM_convolution_par/5/100/7/iterations:5",5,1.41008e+08,1.36337e+08,ns,,,,,
"BM_convolution_par/5/100/8/iterations:5",5,1.408e+08,1.36077e+08,ns,,,,,
"BM_convolution_par/5/100/9/iterations:5",5,1.45061e+08,1.40754e+08,ns,,,,,
"BM_convolution_par/5/100/10/iterations:5",5,1.42985e+08,1.3754e+08,ns,,,,,
"BM_convolution_par/5/100/11/iterations:5",5,1.44693e+08,1.40346e+08,ns,,,,,
"BM_convolution_par/5/200/1/iterations:5",5,1.41212e+08,1.36232e+08,ns,,,,,
"BM_convolution_par/5/200/2/iterations:5",5,1.41416e+08,1.36948e+08,ns,,,,,
"BM_convolution_par/5/200/3/iterations:5",5,1.39505e+08,1.34609e+08,ns,,,,,
"BM_convolution_par/5/200/4/iterations:5",5,1.409e+08,1.35645e+08,ns,,,,,
"BM_convolution_par/5/200/5/iterations:5",5,1.39794e+08,1.35916e+08,ns,,,,,
"BM_convolution_par/5/200/6/iterations:5",5,1.41738e+08,1.37799e+08,ns,,,,,
"BM_convolution_par/5/200/7/iterations:5",5,1.4578e+08,1.40729e+08,ns,,,,,
"BM_convolution_par/5/200/8/iterations:5",5,1.45797e+08,1.40228e+08,ns,,,,,
"BM_convolution_par/5/200/9/iterations:5",5,1.48338e+08,1.44082e+08,ns,,,,,
"BM_convolution_par/5/200/10/iterations:5",5,1.53479e+08,1.46553e+08,ns,,,,,
"BM_convolution_par/5/200/11/iterations:5",5,1.48337e+08,1.42934e+08,ns,,,,,
"BM_convolution_par/5/300/1/iterations:5",5,1.42634e+08,1.36206e+08,ns,,,,,
"BM_convolution_par/5/300/2/iterations:5",5,1.40121e+08,1.35385e+08,ns,,,,,
"BM_convolution_par/5/300/3/iterations:5",5,1.41378e+08,1.36751e+08,ns,,,,,
"BM_convolution_par/5/300/4/iterations:5",5,1.43008e+08,1.38505e+08,ns,,,,,
"BM_convolution_par/5/300/5/iterations:5",5,1.43293e+08,1.38747e+08,ns,,,,,
"BM_convolution_par/5/300/6/iterations:5",5,1.43961e+08,1.39077e+08,ns,,,,,
"BM_convolution_par/5/300/7/iterations:5",5,1.50362e+08,1.4543e+08,ns,,,,,
"BM_convolution_par/5/300/8/iterations:5",5,1.49699e+08,1.43703e+08,ns,,,,,
"BM_convolution_par/5/300/9/iterations:5",5,1.54534e+08,1.48797e+08,ns,,,,,
"BM_convolution_par/5/300/10/iterations:5",5,1.56432e+08,1.52013e+08,ns,,,,,
"BM_convolution_par/5/300/11/iterations:5",5,1.60357e+08,1.5503e+08,ns,,,,,
"BM_convolution_par/5/400/1/iterations:5",5,1.40815e+08,1.35374e+08,ns,,,,,
"BM_convolution_par/5/400/2/iterations:5",5,1.39841e+08,1.34557e+08,ns,,,,,
"BM_convolution_par/5/400/3/iterations:5",5,1.4205e+08,1.3611e+08,ns,,,,,
"BM_convolution_par/5/400/4/iterations:5",5,1.41204e+08,1.35133e+08,ns,,,,,
"BM_convolution_par/5/400/5/iterations:5",5,1.4258e+08,1.38199e+08,ns,,,,,
"BM_convolution_par/5/400/6/iterations:5",5,1.46294e+08,1.41589e+08,ns,,,,,
"BM_convolution_par/5/400/7/iterations:5",5,1.5193e+08,1.4572e+08,ns,,,,,
"BM_convolution_par/5/400/8/iterations:5",5,1.55719e+08,1.50671e+08,ns,,,,,
"BM_convolution_par/5/400/9/iterations:5",5,1.56903e+08,1.52918e+08,ns,,,,,
"BM_convolution_par/5/400/10/iterations:5",5,1.57784e+08,1.52756e+08,ns,,,,,
"BM_convolution_par/5/400/11/iterations:5",5,1.62572e+08,1.58204e+08,ns,,,,,
"BM_convolution_par/5/500/1/iterations:5",5,1.37762e+08,1.33627e+08,ns,,,,,
"BM_convolution_par/5/500/2/iterations:5",5,1.40493e+08,1.35096e+08,ns,,,,,
"BM_convolution_par/5/500/3/iterations:5",5,1.38615e+08,1.33292e+08,ns,,,,,
"BM_convolution_par/5/500/4/iterations:5",5,1.3965e+08,1.33202e+08,ns,,,,,
"BM_convolution_par/5/500/5/iterations:5",5,1.45202e+08,1.39102e+08,ns,,,,,
"BM_convolution_par/5/500/6/iterations:5",5,1.55017e+08,1.49707e+08,ns,,,,,
"BM_convolution_par/5/500/7/iterations:5",5,1.56164e+08,1.50928e+08,ns,,,,,
"BM_convolution_par/5/500/8/iterations:5",5,1.58447e+08,1.52079e+08,ns,,,,,
"BM_convolution_par/5/500/9/iterations:5",5,1.58985e+08,1.5467e+08,ns,,,,,
"BM_convolution_par/5/500/10/iterations:5",5,1.62398e+08,1.58583e+08,ns,,,,,
"BM_convolution_par/5/500/11/iterations:5",5,1.70582e+08,1.65775e+08,ns,,,,,
"BM_convolution_par/20/1/1/iterations:5",5,1.40246e+08,1.34908e+08,ns,,,,,
"BM_convolution_par/20/1/2/iterations:5",5,1.39443e+08,1.34753e+08,ns,,,,,
"BM_convolution_par/20/1/3/iterations:5",5,1.42379e+08,1.36237e+08,ns,,,,,
"BM_convolution_par/20/1/4/iterations:5",5,1.39015e+08,1.33723e+08,ns,,,,,
"BM_convolution_par/20/1/5/iterations:5",5,1.39797e+08,1.35104e+08,ns,,,,,
"BM_convolution_par/20/1/6/iterations:5",5,1.40671e+08,1.35042e+08,ns,,,,,
"BM_convolution_par/20/1/7/iterations:5",5,1.3637e+08,1.317e+08,ns,,,,,
"BM_convolution_par/20/1/8/iterations:5",5,1.42243e+08,1.35014e+08,ns,,,,,
"BM_convolution_par/20/1/9/iterations:5",5,1.39637e+08,1.33411e+08,ns,,,,,
"BM_convolution_par/20/1/10/iterations:5",5,1.43355e+08,1.38244e+08,ns,,,,,
"BM_convolution_par/20/1/11/iterations:5",5,1.45006e+08,1.3898e+08,ns,,,,,
"BM_convolution_par/30/1/1/iterations:5",5,1.43959e+08,1.3877e+08,ns,,,,,
"BM_convolution_par/30/1/2/iterations:5",5,1.405e+08,1.35181e+08,ns,,,,,
"BM_convolution_par/30/1/3/iterations:5",5,1.41775e+08,1.36979e+08,ns,,,,,
"BM_convolution_par/30/1/4/iterations:5",5,1.41045e+08,1.34592e+08,ns,,,,,
"BM_convolution_par/30/1/5/iterations:5",5,1.41125e+08,1.35819e+08,ns,,,,,
"BM_convolution_par/30/1/6/iterations:5",5,1.4141e+08,1.35829e+08,ns,,,,,
"BM_convolution_par/30/1/7/iterations:5",5,1.44831e+08,1.39098e+08,ns,,,,,
"BM_convolution_par/30/1/8/iterations:5",5,1.42964e+08,1.36779e+08,ns,,,,,
"BM_convolution_par/30/1/9/iterations:5",5,1.4338e+08,1.37394e+08,ns,,,,,
"BM_convolution_par/30/1/10/iterations:5",5,1.41081e+08,1.35835e+08,ns,,,,,
"BM_convolution_par/30/1/11/iterations:5",5,1.41917e+08,1.35414e+08,ns,,,,,
"BM_convolution_par/20/100/1/iterations:5",5,1.41921e+08,1.36845e+08,ns,,,,,
"BM_convolution_par/20/100/2/iterations:5",5,1.41512e+08,1.35503e+08,ns,,,,,
"BM_convolution_par/20/100/3/iterations:5",5,1.47757e+08,1.40753e+08,ns,,,,,
"BM_convolution_par/20/100/4/iterations:5",5,1.56467e+08,1.49924e+08,ns,,,,,
"BM_convolution_par/20/100/5/iterations:5",5,1.58906e+08,1.53338e+08,ns,,,,,
"BM_convolution_par/20/100/6/iterations:5",5,1.6279e+08,1.58055e+08,ns,,,,,
"BM_convolution_par/20/100/7/iterations:5",5,1.75613e+08,1.68318e+08,ns,,,,,
"BM_convolution_par/20/100/8/iterations:5",5,1.82601e+08,1.77405e+08,ns,,,,,
"BM_convolution_par/20/100/9/iterations:5",5,1.86196e+08,1.81636e+08,ns,,,,,
"BM_convolution_par/20/100/10/iterations:5",5,2.00248e+08,1.92909e+08,ns,,,,,
"BM_convolution_par/20/100/11/iterations:5",5,2.0997e+08,2.03888e+08,ns,,,,,
"BM_convolution_par/20/200/1/iterations:5",5,1.48288e+08,1.42165e+08,ns,,,,,
"BM_convolution_par/20/200/2/iterations:5",5,1.50978e+08,1.45381e+08,ns,,,,,
"BM_convolution_par/20/200/3/iterations:5",5,1.56431e+08,1.50533e+08,ns,,,,,
"BM_convolution_par/20/200/4/iterations:5",5,1.62e+08,1.57556e+08,ns,,,,,
"BM_convolution_par/20/200/5/iterations:5",5,1.78775e+08,1.71878e+08,ns,,,,,
"BM_convolution_par/20/200/6/iterations:5",5,1.87048e+08,1.80844e+08,ns,,,,,
"BM_convolution_par/20/200/7/iterations:5",5,1.98878e+08,1.94104e+08,ns,,,,,
"BM_convolution_par/20/200/8/iterations:5",5,2.14321e+08,2.09509e+08,ns,,,,,
"BM_convolution_par/20/200/9/iterations:5",5,2.20711e+08,2.14786e+08,ns,,,,,
"BM_convolution_par/20/200/10/iterations:5",5,2.42681e+08,2.25276e+08,ns,,,,,
"BM_convolution_par/20/200/11/iterations:5",5,2.52872e+08,2.4816e+08,ns,,,,,
"BM_convolution_par/20/300/1/iterations:5",5,1.42558e+08,1.37786e+08,ns,,,,,
"BM_convolution_par/20/300/2/iterations:5",5,1.47236e+08,1.42863e+08,ns,,,,,
"BM_convolution_par/20/300/3/iterations:5",5,1.59704e+08,1.55014e+08,ns,,,,,
"BM_convolution_par/20/300/4/iterations:5",5,1.7396e+08,1.68172e+08,ns,,,,,
"BM_convolution_par/20/300/5/iterations:5",5,1.88526e+08,1.82712e+08,ns,,,,,
"BM_convolution_par/20/300/6/iterations:5",5,2.05465e+08,2.00668e+08,ns,,,,,
"BM_convolution_par/20/300/7/iterations:5",5,2.23834e+08,2.1843e+08,ns,,,,,
"BM_convolution_par/20/300/8/iterations:5",5,2.28833e+08,2.22696e+08,ns,,,,,
"BM_convolution_par/20/300/9/iterations:5",5,2.44913e+08,2.40128e+08,ns,,,,,
"BM_convolution_par/20/300/10/iterations:5",5,2.80879e+08,2.75609e+08,ns,,,,,
"BM_convolution_par/20/300/11/iterations:5",5,3.01439e+08,2.95202e+08,ns,,,,,
"BM_convolution_par/20/400/1/iterations:5",5,1.56116e+08,1.50432e+08,ns,,,,,
"BM_convolution_par/20/400/2/iterations:5",5,1.56663e+08,1.50936e+08,ns,,,,,
"BM_convolution_par/20/400/3/iterations:5",5,1.67678e+08,1.62989e+08,ns,,,,,
"BM_convolution_par/20/400/4/iterations:5",5,1.8442e+08,1.76369e+08,ns,,,,,
"BM_convolution_par/20/400/5/iterations:5",5,2.06422e+08,2.00987e+08,ns,,,,,
"BM_convolution_par/20/400/6/iterations:5",5,2.23679e+08,2.174e+08,ns,,,,,
"BM_convolution_par/20/400/7/iterations:5",5,2.40205e+08,2.34418e+08,ns,,,,,
"BM_convolution_par/20/400/8/iterations:5",5,2.57649e+08,2.51342e+08,ns,,,,,
"BM_convolution_par/20/400/9/iterations:5",5,2.9262e+08,2.86936e+08,ns,,,,,
"BM_convolution_par/20/400/10/iterations:5",5,3.20167e+08,3.14347e+08,ns,,,,,
"BM_convolution_par/20/400/11/iterations:5",5,3.63849e+08,3.49884e+08,ns,,,,,
"BM_convolution_par/20/500/1/iterations:5",5,1.52302e+08,1.46919e+08,ns,,,,,
"BM_convolution_par/20/500/2/iterations:5",5,1.58177e+08,1.52768e+08,ns,,,,,
"BM_convolution_par/20/500/3/iterations:5",5,1.93237e+08,1.877e+08,ns,,,,,
"BM_convolution_par/20/500/4/iterations:5",5,1.98143e+08,1.92857e+08,ns,,,,,
"BM_convolution_par/20/500/5/iterations:5",5,2.21683e+08,2.16949e+08,ns,,,,,
"BM_convolution_par/20/500/6/iterations:5",5,2.3028e+08,2.25449e+08,ns,,,,,
"BM_convolution_par/20/500/7/iterations:5",5,2.56862e+08,2.51028e+08,ns,,,,,
"BM_convolution_par/20/500/8/iterations:5",5,2.93611e+08,2.7845e+08,ns,,,,,
"BM_convolution_par/20/500/9/iterations:5",5,3.18928e+08,3.13273e+08,ns,,,,,
"BM_convolution_par/20/500/10/iterations:5",5,3.60625e+08,3.50987e+08,ns,,,,,
"BM_convolution_par/20/500/11/iterations:5",5,3.97082e+08,3.9138e+08,ns,,,,,
"BM_convolution_par/30/100/1/iterations:5",5,1.42764e+08,1.3752e+08,ns,,,,,
"BM_convolution_par/30/100/2/iterations:5",5,1.48377e+08,1.41226e+08,ns,,,,,
"BM_convolution_par/30/100/3/iterations:5",5,1.59411e+08,1.52177e+08,ns,,,,,
"BM_convolution_par/30/100/4/iterations:5",5,1.67119e+08,1.61645e+08,ns,,,,,
"BM_convolution_par/30/100/5/iterations:5",5,1.9076e+08,1.84775e+08,ns,,,,,
"BM_convolution_par/30/100/6/iterations:5",5,1.95788e+08,1.89472e+08,ns,,,,,
"BM_convolution_par/30/100/7/iterations:5",5,2.07428e+08,2.02184e+08,ns,,,,,
"BM_convolution_par/30/100/8/iterations:5",5,2.22959e+08,2.16547e+08,ns,,,,,
"BM_convolution_par/30/100/9/iterations:5",5,2.27376e+08,2.21432e+08,ns,,,,,
"BM_convolution_par/30/100/10/iterations:5",5,2.42907e+08,2.37093e+08,ns,,,,,
"BM_convolution_par/30/100/11/iterations:5",5,2.63593e+08,2.54247e+08,ns,,,,,
"BM_convolution_par/30/200/1/iterations:5",5,1.45555e+08,1.39614e+08,ns,,,,,
"BM_convolution_par/30/200/2/iterations:5",5,1.51364e+08,1.44239e+08,ns,,,,,
"BM_convolution_par/30/200/3/iterations:5",5,1.71967e+08,1.66945e+08,ns,,,,,
"BM_convolution_par/30/200/4/iterations:5",5,1.89886e+08,1.83537e+08,ns,,,,,
"BM_convolution_par/30/200/5/iterations:5",5,2.16824e+08,2.1147e+08,ns,,,,,
"BM_convolution_par/30/200/6/iterations:5",5,2.25381e+08,2.19079e+08,ns,,,,,
"BM_convolution_par/30/200/7/iterations:5",5,2.45522e+08,2.37971e+08,ns,,,,,
"BM_convolution_par/30/200/8/iterations:5",5,2.64021e+08,2.58028e+08,ns,,,,,
"BM_convolution_par/30/200/9/iterations:5",5,3.03125e+08,2.97016e+08,ns,,,,,
"BM_convolution_par/30/200/10/iterations:5",5,3.36105e+08,3.28261e+08,ns,,,,,
"BM_convolution_par/30/200/11/iterations:5",5,3.68395e+08,3.62158e+08,ns,,,,,
"BM_convolution_par/30/300/1/iterations:5",5,1.49612e+08,1.44252e+08,ns,,,,,
"BM_convolution_par/30/300/2/iterations:5",5,1.63425e+08,1.58086e+08,ns,,,,,
"BM_convolution_par/30/300/3/iterations:5",5,1.89379e+08,1.83915e+08,ns,,,,,
"BM_convolution_par/30/300/4/iterations:5",5,2.16697e+08,2.10377e+08,ns,,,,,
"BM_convolution_par/30/300/5/iterations:5",5,2.25876e+08,2.1984e+08,ns,,,,,
"BM_convolution_par/30/300/6/iterations:5",5,2.54577e+08,2.48722e+08,ns,,,,,
"BM_convolution_par/30/300/7/iterations:5",5,2.92876e+08,2.88035e+08,ns,,,,,
"BM_convolution_par/30/300/8/iterations:5",5,3.30629e+08,3.23916e+08,ns,,,,,
"BM_convolution_par/30/300/9/iterations:5",5,3.83547e+08,3.75166e+08,ns,,,,,
"BM_convolution_par/30/300/10/iterations:5",5,4.28738e+08,4.21621e+08,ns,,,,,
"BM_convolution_par/30/300/11/iterations:5",5,4.84477e+08,4.78297e+08,ns,,,,,
"BM_convolution_par/30/400/1/iterations:5",5,1.54459e+08,1.4961e+08,ns,,,,,
"BM_convolution_par/30/400/2/iterations:5",5,1.69648e+08,1.63816e+08,ns,,,,,
"BM_convolution_par/30/400/3/iterations:5",5,2.04693e+08,1.98548e+08,ns,,,,,
"BM_convolution_par/30/400/4/iterations:5",5,2.40689e+08,2.3302e+08,ns,,,,,
"BM_convolution_par/30/400/5/iterations:5",5,2.51877e+08,2.45623e+08,ns,,,,,
"BM_convolution_par/30/400/6/iterations:5",5,3.00276e+08,2.93268e+08,ns,,,,,
"BM_convolution_par/30/400/7/iterations:5",5,3.59228e+08,3.3848e+08,ns,,,,,
"BM_convolution_par/30/400/8/iterations:5",5,3.96925e+08,3.90995e+08,ns,,,,,
"BM_convolution_par/30/400/9/iterations:5",5,4.68562e+08,4.57913e+08,ns,,,,,
"BM_convolution_par/30/400/10/iterations:5",5,5.29349e+08,5.23676e+08,ns,,,,,
"BM_convolution_par/30/400/11/iterations:5",5,6.08912e+08,6.02667e+08,ns,,,,,
"BM_convolution_par/30/500/1/iterations:5",5,1.66162e+08,1.58809e+08,ns,,,,,
"BM_convolution_par/30/500/2/iterations:5",5,1.78334e+08,1.72476e+08,ns,,,,,
"BM_convolution_par/30/500/3/iterations:5",5,2.18535e+08,2.12404e+08,ns,,,,,
"BM_convolution_par/30/500/4/iterations:5",5,2.4852e+08,2.4128e+08,ns,,,,,
"BM_convolution_par/30/500/5/iterations:5",5,2.8637e+08,2.79795e+08,ns,,,,,
"BM_convolution_par/30/500/6/iterations:5",5,3.32548e+08,3.25088e+08,ns,,,,,
"BM_convolution_par/30/500/7/iterations:5",5,3.93035e+08,3.87679e+08,ns,,,,,
"BM_convolution_par/30/500/8/iterations:5",5,4.64527e+08,4.57366e+08,ns,,,,,
"BM_convolution_par/30/500/9/iterations:5",5,5.4564e+08,5.38815e+08,ns,,,,,
"BM_convolution_par/30/500/10/iterations:5",5,6.29317e+08,6.23356e+08,ns,,,,,
"BM_convolution_par/30/500/11/iterations:5",5,7.25132e+08,7.1887e+08,ns,,,,,
"BM_convolution_cpu_par/1/1/1/iterations:5",5,1.68266e+06,1.54588e+06,ns,,,,,
"BM_convolution_cpu_par/1/1/2/iterations:5",5,1.64194e+06,1.54728e+06,ns,,,,,
"BM_convolution_cpu_par/1/1/3/iterations:5",5,1.70003e+06,1.59821e+06,ns,,,,,
"BM_convolution_cpu_par/1/1/4/iterations:5",5,1.73388e+06,1.63616e+06,ns,,,,,
"BM_convolution_cpu_par/1/1/5/iterations:5",5,1.6712e+06,1.58841e+06,ns,,,,,
"BM_convolution_cpu_par/1/1/6/iterations:5",5,1.71581e+06,1.60799e+06,ns,,,,,
"BM_convolution_cpu_par/1/1/7/iterations:5",5,1.72568e+06,1.6167e+06,ns,,,,,
"BM_convolution_cpu_par/1/1/8/iterations:5",5,1.77975e+06,1.64111e+06,ns,,,,,
"BM_convolution_cpu_par/1/1/9/iterations:5",5,1.75338e+06,1.64095e+06,ns,,,,,
"BM_convolution_cpu_par/1/1/10/iterations:5",5,1.702e+06,1.57719e+06,ns,,,,,
"BM_convolution_cpu_par/1/1/11/iterations:5",5,1.86145e+06,1.72096e+06,ns,,,,,
"BM_convolution_cpu_par/2/1/1/iterations:5",5,1.94506e+06,1.83407e+06,ns,,,,,
"BM_convolution_cpu_par/2/1/2/iterations:5",5,1.93472e+06,1.81061e+06,ns,,,,,
"BM_convolution_cpu_par/2/1/3/iterations:5",5,2.00284e+06,1.89306e+06,ns,,,,,
"BM_convolution_cpu_par/2/1/4/iterations:5",5,1.90338e+06,1.76552e+06,ns,,,,,
"BM_convolution_cpu_par/2/1/5/iterations:5",5,1.81538e+06,1.7152e+06,ns,,,,,
"BM_convolution_cpu_par/2/1/6/iterations:5",5,1.92194e+06,1.75203e+06,ns,,,,,
"BM_convolution_cpu_par/2/1/7/iterations:5",5,2.06996e+06,1.8643e+06,ns,,,,,
"BM_convolution_cpu_par/2/1/8/iterations:5",5,2.30165e+06,2.04617e+06,ns,,,,,
"BM_convolution_cpu_par/2/1/9/iterations:5",5,2.51755e+06,2.17144e+06,ns,,,,,
"BM_convolution_cpu_par/2/1/10/iterations:5",5,2.63291e+06,2.31591e+06,ns,,,,,
"BM_convolution_cpu_par/2/1/11/iterations:5",5,2.93112e+06,2.54715e+06,ns,,,,,
"BM_convolution_cpu_par/3/1/1/iterations:5",5,1.95401e+06,1.81975e+06,ns,,,,,
"BM_convolution_cpu_par/3/1/2/iterations:5",5,2.01397e+06,1.91324e+06,ns,,,,,
"BM_convolution_cpu_par/3/1/3/iterations:5",5,2.01602e+06,1.85836e+06,ns,,,,,
"BM_convolution_cpu_par/3/1/4/iterations:5",5,2.20171e+06,1.98763e+06,ns,,,,,
"BM_convolution_cpu_par/3/1/5/iterations:5",5,2.2478e+06,2.0055e+06,ns,,,,,
"BM_convolution_cpu_par/3/1/6/iterations:5",5,2.5103e+06,2.154e+06,ns,,,,,
"BM_convolution_cpu_par/3/1/7/iterations:5",5,2.82684e+06,2.45359e+06,ns,,,,,
"BM_convolution_cpu_par/3/1/8/iterations:5",5,3.17278e+06,2.65076e+06,ns,,,,,
"BM_convolution_cpu_par/3/1/9/iterations:5",5,3.50548e+06,3.05333e+06,ns,,,,,
"BM_convolution_cpu_par/3/1/10/iterations:5",5,3.90292e+06,3.41418e+06,ns,,,,,
"BM_convolution_cpu_par/3/1/11/iterations:5",5,4.38639e+06,3.8435e+06,ns,,,,,
"BM_convolution_cpu_par/4/1/1/iterations:5",5,1.97008e+06,1.82554e+06,ns,,,,,
"BM_convolution_cpu_par/4/1/2/iterations:5",5,1.97155e+06,1.85769e+06,ns,,,,,
"BM_convolution_cpu_par/4/1/3/iterations:5",5,2.11972e+06,1.94102e+06,ns,,,,,
"BM_convolution_cpu_par/4/1/4/iterations:5",5,2.43634e+06,2.19556e+06,ns,,,,,
"BM_convolution_cpu_par/4/1/5/iterations:5",5,2.79577e+06,2.48084e+06,ns,,,,,
"BM_convolution_cpu_par/4/1/6/iterations:5",5,3.4027e+06,2.95381e+06,ns,,,,,
"BM_convolution_cpu_par/4/1/7/iterations:5",5,4.28846e+06,3.59347e+06,ns,,,,,
"BM_convolution_cpu_par/4/1/8/iterations:5",5,4.40844e+06,3.82235e+06,ns,,,,,
"BM_convolution_cpu_par/4/1/9/iterations:5",5,5.03084e+06,4.05876e+06,ns,,,,,
"BM_convolution_cpu_par/4/1/10/iterations:5",5,5.78704e+06,5.16736e+06,ns,,,,,
"BM_convolution_cpu_par/4/1/11/iterations:5",5,6.5956e+06,5.84379e+06,ns,,,,,
"BM_convolution_cpu_par/5/1/1/iterations:5",5,2.12824e+06,2.00844e+06,ns,,,,,
"BM_convolution_cpu_par/5/1/2/iterations:5",5,2.34512e+06,2.0913e+06,ns,,,,,
"BM_convolution_cpu_par/5/1/3/iterations:5",5,2.59907e+06,2.32747e+06,ns,,,,,
"BM_convolution_cpu_par/5/1/4/iterations:5",5,3.08082e+06,2.69893e+06,ns,,,,,
"BM_convolution_cpu_par/5/1/5/iterations:5",5,3.57791e+06,2.89344e+06,ns,,,,,
"BM_convolution_cpu_par/5/1/6/iterations:5",5,4.56971e+06,3.75461e+06,ns,,,,,
"BM_convolution_cpu_par/5/1/7/iterations:5",5,5.20827e+06,4.40466e+06,ns,,,,,
"BM_convolution_cpu_par/5/1/8/iterations:5",5,5.86235e+06,5.20027e+06,ns,,,,,
"BM_convolution_cpu_par/5/1/9/iterations:5",5,7.20623e+06,6.32271e+06,ns,,,,,
"BM_convolution_cpu_par/5/1/10/iterations:5",5,8.49197e+06,7.44389e+06,ns,,,,,
"BM_convolution_cpu_par/5/1/11/iterations:5",5,9.43657e+06,8.46534e+06,ns,,,,,
"BM_convolution_cpu_par/1/100/1/iterations:5",5,6.10608e+07,5.71094e+07,ns,,,,,
"BM_convolution_cpu_par/1/100/2/iterations:5",5,6.12283e+07,5.71325e+07,ns,,,,,
"BM_convolution_cpu_par/1/100/3/iterations:5",5,6.2133e+07,5.81295e+07,ns,,,,,
"BM_convolution_cpu_par/1/100/4/iterations:5",5,6.12296e+07,5.7228e+07,ns,,,,,
"BM_convolution_cpu_par/1/100/5/iterations:5",5,6.19743e+07,5.77982e+07,ns,,,,,
"BM_convolution_cpu_par/1/100/6/iterations:5",5,6.24118e+07,5.81076e+07,ns,,,,,
"BM_convolution_cpu_par/1/100/7/iterations:5",5,6.34223e+07,5.8919e+07,ns,,,,,
"BM_convolution_cpu_par/1/100/8/iterations:5",5,6.64207e+07,6.08633e+07,ns,,,,,
"BM_convolution_cpu_par/1/100/9/iterations:5",5,6.46507e+07,6.02153e+07,ns,,,,,
"BM_convolution_cpu_par/1/100/10/iterations:5",5,6.36925e+07,5.93201e+07,ns,,,,,
"BM_convolution_cpu_par/1/100/11/iterations:5",5,6.66277e+07,5.94048e+07,ns,,,,,
"BM_convolution_cpu_par/1/200/1/iterations:5",5,1.21666e+08,1.1413e+08,ns,,,,,
"BM_convolution_cpu_par/1/200/2/iterations:5",5,1.23571e+08,1.1586e+08,ns,,,,,
"BM_convolution_cpu_par/1/200/3/iterations:5",5,1.19289e+08,1.11622e+08,ns,,,,,
"BM_convolution_cpu_par/1/200/4/iterations:5",5,1.19305e+08,1.11311e+08,ns,,,,,
"BM_convolution_cpu_par/1/200/5/iterations:5",5,1.2372e+08,1.15262e+08,ns,,,,,
"BM_convolution_cpu_par/1/200/6/iterations:5",5,1.26566e+08,1.18208e+08,ns,,,,,
"BM_convolution_cpu_par/1/200/7/iterations:5",5,1.27002e+08,1.17992e+08,ns,,,,,
"BM_convolution_cpu_par/1/200/8/iterations:5",5,1.26678e+08,1.17927e+08,ns,,,,,
"BM_convolution_cpu_par/1/200/9/iterations:5",5,1.27548e+08,1.19152e+08,ns,,,,,
"BM_convolution_cpu_par/1/200/10/iterations:5",5,1.29384e+08,1.19979e+08,ns,,,,,
"BM_convolution_cpu_par/1/200/11/iterations:5",5,1.32838e+08,1.18745e+08,ns,,,,,
"BM_convolution_cpu_par/1/300/1/iterations:5",5,1.8438e+08,1.72667e+08,ns,,,,,
"BM_convolution_cpu_par/1/300/2/iterations:5",5,1.82725e+08,1.71133e+08,ns,,,,,
"BM_convolution_cpu_par/1/300/3/iterations:5",5,1.87273e+08,1.74813e+08,ns,,,,,
"BM_convolution_cpu_par/1/300/4/iterations:5",5,1.85297e+08,1.73477e+08,ns,,,,,
"BM_convolution_cpu_par/1/300/5/iterations:5",5,1.86256e+08,1.73129e+08,ns,,,,,
"BM_convolution_cpu_par/1/300/6/iterations:5",5,1.85635e+08,1.73067e+08,ns,,,,,
"BM_convolution_cpu_par/1/300/7/iterations:5",5,1.93317e+08,1.79379e+08,ns,,,,,
"BM_convolution_cpu_par/1/300/8/iterations:5",5,1.89579e+08,1.76926e+08,ns,,,,,
"BM_convolution_cpu_par/1/300/9/iterations:5",5,1.9128e+08,1.7836e+08,ns,,,,,
"BM_convolution_cpu_par/1/300/10/iterations:5",5,1.92123e+08,1.78289e+08,ns,,,,,
"BM_convolution_cpu_par/1/300/11/iterations:5",5,2.0192e+08,1.77916e+08,ns,,,,,
"BM_convolution_cpu_par/1/400/1/iterations:5",5,2.45263e+08,2.29973e+08,ns,,,,,
"BM_convolution_cpu_par/1/400/2/iterations:5",5,2.46385e+08,2.30445e+08,ns,,,,,
"BM_convolution_cpu_par/1/400/3/iterations:5",5,2.4775e+08,2.3233e+08,ns,,,,,
"BM_convolution_cpu_par/1/400/4/iterations:5",5,2.44691e+08,2.28913e+08,ns,,,,,
"BM_convolution_cpu_par/1/400/5/iterations:5",5,2.44129e+08,2.27615e+08,ns,,,,,
"BM_convolution_cpu_par/1/400/6/iterations:5",5,2.46724e+08,2.30234e+08,ns,,,,,
"BM_convolution_cpu_par/1/400/7/iterations:5",5,2.59265e+08,2.40073e+08,ns,,,,,
"BM_convolution_cpu_par/1/400/8/iterations:5",5,2.52683e+08,2.35237e+08,ns,,,,,
"BM_convolution_cpu_par/1/400/9/iterations:5",5,2.57828e+08,2.40795e+08,ns,,,,,
"BM_convolution_cpu_par/1/400/10/iterations:5",5,2.79583e+08,2.55707e+08,ns,,,,,
"BM_convolution_cpu_par/1/400/11/iterations:5",5,2.75244e+08,2.43356e+08,ns,,,,,
"BM_convolution_cpu_par/1/500/1/iterations:5",5,3.14266e+08,2.93232e+08,ns,,,,,
"BM_convolution_cpu_par/1/500/2/iterations:5",5,3.06007e+08,2.86308e+08,ns,,,,,
"BM_convolution_cpu_par/1/500/3/iterations:5",5,3.17805e+08,2.97147e+08,ns,,,,,
"BM_convolution_cpu_par/1/500/4/iterations:5",5,3.04454e+08,2.83341e+08,ns,,,,,
"BM_convolution_cpu_par/1/500/5/iterations:5",5,3.00562e+08,2.8065e+08,ns,,,,,
"BM_convolution_cpu_par/1/500/6/iterations:5",5,3.0937e+08,2.88016e+08,ns,,,,,
"BM_convolution_cpu_par/1/500/7/iterations:5",5,3.16064e+08,2.94524e+08,ns,,,,,
"BM_convolution_cpu_par/1/500/8/iterations:5",5,3.20676e+08,2.97886e+08,ns,,,,,
"BM_convolution_cpu_par/1/500/9/iterations:5",5,3.2729e+08,3.02135e+08,ns,,,,,
"BM_convolution_cpu_par/1/500/10/iterations:5",5,3.27161e+08,3.02472e+08,ns,,,,,
"BM_convolution_cpu_par/1/500/11/iterations:5",5,3.38699e+08,2.98849e+08,ns,,,,,
"BM_convolution_cpu_par/2/100/1/iterations:5",5,6.46069e+07,6.03445e+07,ns,,,,,
"BM_convolution_cpu_par/2/100/2/iterations:5",5,6.47373e+07,6.03929e+07,ns,,,,,
"BM_convolution_cpu_par/2/100/3/iterations:5",5,6.93067e+07,6.47666e+07,ns,,,,,
"BM_convolution_cpu_par/2/100/4/iterations:5",5,6.70281e+07,6.2723e+07,ns,,,,,
"BM_convolution_cpu_par/2/100/5/iterations:5",5,6.76112e+07,6.12091e+07,ns,,,,,
"BM_convolution_cpu_par/2/100/6/iterations:5",5,7.82121e+07,6.74664e+07,ns,,,,,
"BM_convolution_cpu_par/2/100/7/iterations:5",5,9.18445e+07,7.65517e+07,ns,,,,,
"BM_convolution_cpu_par/2/100/8/iterations:5",5,1.06862e+08,8.72686e+07,ns,,,,,
"BM_convolution_cpu_par/2/100/9/iterations:5",5,1.24671e+08,9.99802e+07,ns,,,,,
"BM_convolution_cpu_par/2/100/10/iterations:5",5,1.43261e+08,1.15145e+08,ns,,,,,
"BM_convolution_cpu_par/2/100/11/iterations:5",5,1.6859e+08,1.34248e+08,ns,,,,,
"BM_convolution_cpu_par/2/200/1/iterations:5",5,1.30602e+08,1.22181e+08,ns,,,,,
"BM_convolution_cpu_par/2/200/2/iterations:5",5,1.33007e+08,1.2379e+08,ns,,,,,
"BM_convolution_cpu_par/2/200/3/iterations:5",5,1.31037e+08,1.22444e+08,ns,,,,,
"BM_convolution_cpu_par/2/200/4/iterations:5",5,1.35865e+08,1.2648e+08,ns,,,,,
"BM_convolution_cpu_par/2/200/5/iterations:5",5,1.36014e+08,1.25098e+08,ns,,,,,
"BM_convolution_cpu_par/2/200/6/iterations:5",5,1.54778e+08,1.33599e+08,ns,,,,,
"BM_convolution_cpu_par/2/200/7/iterations:5",5,1.87962e+08,1.54112e+08,ns,,,,,
"BM_convolution_cpu_par/2/200/8/iterations:5",5,2.10897e+08,1.73643e+08,ns,,,,,
"BM_convolution_cpu_par/2/200/9/iterations:5",5,2.4566e+08,1.96416e+08,ns,,,,,
"BM_convolution_cpu_par/2/200/10/iterations:5",5,2.83861e+08,2.26871e+08,ns,,,,,
"BM_convolution_cpu_par/2/200/11/iterations:5",5,3.24043e+08,2.60592e+08,ns,,,,,
"BM_convolution_cpu_par/2/300/1/iterations:5",5,1.95931e+08,1.83086e+08,ns,,,,,
"BM_convolution_cpu_par/2/300/2/iterations:5",5,1.92618e+08,1.7977e+08,ns,,,,,
"BM_convolution_cpu_par/2/300/3/iterations:5",5,2.0176e+08,1.87618e+08,ns,,,,,
"BM_convolution_cpu_par/2/300/4/iterations:5",5,1.99942e+08,1.86716e+08,ns,,,,,
"BM_convolution_cpu_par/2/300/5/iterations:5",5,2.02519e+08,1.86094e+08,ns,,,,,
"BM_convolution_cpu_par/2/300/6/iterations:5",5,2.32303e+08,2.00173e+08,ns,,,,,
"BM_convolution_cpu_par/2/300/7/iterations:5",5,2.70602e+08,2.26247e+08,ns,,,,,
"BM_convolution_cpu_par/2/300/8/iterations:5",5,3.15598e+08,2.58989e+08,ns,,,,,
"BM_convolution_cpu_par/2/300/9/iterations:5",5,3.66902e+08,2.93785e+08,ns,,,,,
"BM_convolution_cpu_par/2/300/10/iterations:5",5,4.29246e+08,3.43101e+08,ns,,,,,
"BM_convolution_cpu_par/2/300/11/iterations:5",5,4.83039e+08,3.89798e+08,ns,,,,,
"BM_convolution_cpu_par/2/400/1/iterations:5",5,2.52922e+08,2.3592e+08,ns,,,,,
"BM_convolution_cpu_par/2/400/2/iterations:5",5,2.54654e+08,2.37266e+08,ns,,,,,
"BM_convolution_cpu_par/2/400/3/iterations:5",5,2.63119e+08,2.45467e+08,ns,,,,,
"BM_convolution_cpu_par/2/400/4/iterations:5",5,2.68223e+08,2.504e+08,ns,,,,,
"BM_convolution_cpu_par/2/400/5/iterations:5",5,2.70205e+08,2.47235e+08,ns,,,,,
"BM_convolution_cpu_par/2/400/6/iterations:5",5,3.13258e+08,2.68528e+08,ns,,,,,
"BM_convolution_cpu_par/2/400/7/iterations:5",5,3.60995e+08,3.00642e+08,ns,,,,,
"BM_convolution_cpu_par/2/400/8/iterations:5",5,4.20771e+08,3.4429e+08,ns,,,,,
"BM_convolution_cpu_par/2/400/9/iterations:5",5,4.92929e+08,3.94336e+08,ns,,,,,
"BM_convolution_cpu_par/2/400/10/iterations:5",5,5.6774e+08,4.53578e+08,ns,,,,,
"BM_convolution_cpu_par/2/400/11/iterations:5",5,6.47636e+08,5.21198e+08,ns,,,,,
"BM_convolution_cpu_par/2/500/1/iterations:5",5,3.24073e+08,3.03604e+08,ns,,,,,
"BM_convolution_cpu_par/2/500/2/iterations:5",5,3.21702e+08,3.00685e+08,ns,,,,,
"BM_convolution_cpu_par/2/500/3/iterations:5",5,3.24111e+08,3.0295e+08,ns,,,,,
"BM_convolution_cpu_par/2/500/4/iterations:5",5,3.34636e+08,3.12458e+08,ns,,,,,
"BM_convolution_cpu_par/2/500/5/iterations:5",5,3.39907e+08,3.10386e+08,ns,,,,,
"BM_convolution_cpu_par/2/500/6/iterations:5",5,3.86128e+08,3.33786e+08,ns,,,,,
"BM_convolution_cpu_par/2/500/7/iterations:5",5,4.50284e+08,3.76307e+08,ns,,,,,
"BM_convolution_cpu_par/2/500/8/iterations:5",5,5.22974e+08,4.2788e+08,ns,,,,,
"BM_convolution_cpu_par/2/500/9/iterations:5",5,6.10456e+08,4.88686e+08,ns,,,,,
"BM_convolution_cpu_par/2/500/10/iterations:5",5,7.07331e+08,5.68038e+08,ns,,,,,
"BM_convolution_cpu_par/2/500/11/iterations:5",5,8.09029e+08,6.50876e+08,ns,,,,,
"BM_convolution_cpu_par/3/100/1/iterations:5",5,6.93828e+07,6.50152e+07,ns,,,,,
"BM_convolution_cpu_par/3/100/2/iterations:5",5,6.94193e+07,6.50149e+07,ns,,,,,
"BM_convolution_cpu_par/3/100/3/iterations:5",5,7.04843e+07,6.46342e+07,ns,,,,,
"BM_convolution_cpu_par/3/100/4/iterations:5",5,8.56504e+07,7.38277e+07,ns,,,,,
"BM_convolution_cpu_par/3/100/5/iterations:5",5,1.04748e+08,8.82078e+07,ns,,,,,
"BM_convolution_cpu_par/3/100/6/iterations:5",5,1.32095e+08,1.09004e+08,ns,,,,,
"BM_convolution_cpu_par/3/100/7/iterations:5",5,1.59898e+08,1.3175e+08,ns,,,,,
"BM_convolution_cpu_par/3/100/8/iterations:5",5,1.94284e+08,1.56645e+08,ns,,,,,
"BM_convolution_cpu_par/3/100/9/iterations:5",5,2.32414e+08,1.89505e+08,ns,,,,,
"BM_convolution_cpu_par/3/100/10/iterations:5",5,2.80036e+08,2.28943e+08,ns,,,,,
"BM_convolution_cpu_par/3/100/11/iterations:5",5,3.20929e+08,2.65738e+08,ns,,,,,
"BM_convolution_cpu_par/3/200/1/iterations:5",5,1.37615e+08,1.2859e+08,ns,,,,,
"BM_convolution_cpu_par/3/200/2/iterations:5",5,1.39432e+08,1.30294e+08,ns,,,,,
"BM_convolution_cpu_par/3/200/3/iterations:5",5,1.41129e+08,1.30948e+08,ns,,,,,
"BM_convolution_cpu_par/3/200/4/iterations:5",5,1.71624e+08,1.47988e+08,ns,,,,,
"BM_convolution_cpu_par/3/200/5/iterations:5",5,2.16776e+08,1.80199e+08,ns,,,,,
"BM_convolution_cpu_par/3/200/6/iterations:5",5,2.7341e+08,2.23326e+08,ns,,,,,
"BM_convolution_cpu_par/3/200/7/iterations:5",5,3.20104e+08,2.62623e+08,ns,,,,,
"BM_convolution_cpu_par/3/200/8/iterations:5",5,3.8563e+08,3.13152e+08,ns,,,,,
"BM_convolution_cpu_par/3/200/9/iterations:5",5,4.62491e+08,3.76886e+08,ns,,,,,
"BM_convolution_cpu_par/3/200/10/iterations:5",5,5.46355e+08,4.48513e+08,ns,,,,,
"BM_convolution_cpu_par/3/200/11/iterations:5",5,6.37119e+08,5.28598e+08,ns,,,,,
"BM_convolution_cpu_par/3/300/1/iterations:5",5,2.00329e+08,1.87356e+08,ns,,,,,
"BM_convolution_cpu_par/3/300/2/iterations:5",5,2.10115e+08,1.95831e+08,ns,,,,,
"BM_convolution_cpu_par/3/300/3/iterations:5",5,2.1069e+08,1.93965e+08,ns,,,,,
"BM_convolution_cpu_par/3/300/4/iterations:5",5,2.55502e+08,2.20482e+08,ns,,,,,
"BM_convolution_cpu_par/3/300/5/iterations:5",5,3.15652e+08,2.63866e+08,ns,,,,,
"BM_convolution_cpu_par/3/300/6/iterations:5",5,3.90283e+08,3.21694e+08,ns,,,,,
"BM_convolution_cpu_par/3/300/7/iterations:5",5,4.76391e+08,3.92141e+08,ns,,,,,
"BM_convolution_cpu_par/3/300/8/iterations:5",5,5.77052e+08,4.70055e+08,ns,,,,,
"BM_convolution_cpu_par/3/300/9/iterations:5",5,6.94897e+08,5.69939e+08,ns,,,,,
"BM_convolution_cpu_par/3/300/10/iterations:5",5,8.19433e+08,6.78207e+08,ns,,,,,
"BM_convolution_cpu_par/3/300/11/iterations:5",5,9.54879e+08,7.97569e+08,ns,,,,,
"BM_convolution_cpu_par/3/400/1/iterations:5",5,2.71969e+08,2.54085e+08,ns,,,,,
"BM_convolution_cpu_par/3/400/2/iterations:5",5,2.78481e+08,2.60823e+08,ns,,,,,
"BM_convolution_cpu_par/3/400/3/iterations:5",5,2.83064e+08,2.62127e+08,ns,,,,,
"BM_convolution_cpu_par/3/400/4/iterations:5",5,3.41684e+08,2.948e+08,ns,,,,,
"BM_convolution_cpu_par/3/400/5/iterations:5",5,4.19037e+08,3.50877e+08,ns,,,,,
"BM_convolution_cpu_par/3/400/6/iterations:5",5,5.17488e+08,4.27338e+08,ns,,,,,
"BM_convolution_cpu_par/3/400/7/iterations:5",5,6.33694e+08,5.22414e+08,ns,,,,,
"BM_convolution_cpu_par/3/400/8/iterations:5",5,7.68179e+08,6.25031e+08,ns,,,,,
"BM_convolution_cpu_par/3/400/9/iterations:5",5,9.17992e+08,7.52055e+08,ns,,,,,
"BM_convolution_cpu_par/3/400/10/iterations:5",5,1.08864e+09,9.00209e+08,ns,,,,,
"BM_convolution_cpu_par/3/400/11/iterations:5",5,1.27335e+09,1.06816e+09,ns,,,,,
"BM_convolution_cpu_par/3/500/1/iterations:5",5,3.36808e+08,3.15141e+08,ns,,,,,
"BM_convolution_cpu_par/3/500/2/iterations:5",5,3.4684e+08,3.24381e+08,ns,,,,,
"BM_convolution_cpu_par/3/500/3/iterations:5",5,3.52218e+08,3.26955e+08,ns,,,,,
"BM_convolution_cpu_par/3/500/4/iterations:5",5,4.22571e+08,3.65676e+08,ns,,,,,
"BM_convolution_cpu_par/3/500/5/iterations:5",5,5.23765e+08,4.37557e+08,ns,,,,,
"BM_convolution_cpu_par/3/500/6/iterations:5",5,6.45649e+08,5.33636e+08,ns,,,,,
"BM_convolution_cpu_par/3/500/7/iterations:5",5,7.94806e+08,6.53989e+08,ns,,,,,
"BM_convolution_cpu_par/3/500/8/iterations:5",5,9.57873e+08,7.76529e+08,ns,,,,,
"BM_convolution_cpu_par/3/500/9/iterations:5",5,1.14569e+09,9.37917e+08,ns,,,,,
"BM_convolution_cpu_par/3/500/10/iterations:5",5,1.35963e+09,1.12485e+09,ns,,,,,
"BM_convolution_cpu_par/3/500/11/iterations:5",5,1.58794e+09,1.32449e+09,ns,,,,,
"BM_convolution_cpu_par/4/100/1/iterations:5",5,7.41922e+07,6.9465e+07,ns,,,,,
"BM_convolution_cpu_par/4/100/2/iterations:5",5,7.48465e+07,6.94254e+07,ns,,,,,
"BM_convolution_cpu_par/4/100/3/iterations:5",5,9.39541e+07,8.06683e+07,ns,,,,,
"BM_convolution_cpu_par/4/100/4/iterations:5",5,1.22159e+08,1.01821e+08,ns,,,,,
"BM_convolution_cpu_par/4/100/5/iterations:5",5,1.64967e+08,1.33231e+08,ns,,,,,
"BM_convolution_cpu_par/4/100/6/iterations:5",5,2.02926e+08,1.67026e+08,ns,,,,,
"BM_convolution_cpu_par/4/100/7/iterations:5",5,2.56341e+08,2.10307e+08,ns,,,,,
"BM_convolution_cpu_par/4/100/8/iterations:5",5,3.11142e+08,2.58974e+08,ns,,,,,
"BM_convolution_cpu_par/4/100/9/iterations:5",5,3.81336e+08,3.17675e+08,ns,,,,,
"BM_convolution_cpu_par/4/100/10/iterations:5",5,4.54113e+08,3.84834e+08,ns,,,,,
"BM_convolution_cpu_par/4/100/11/iterations:5",5,5.37369e+08,4.53787e+08,ns,,,,,
"BM_convolution_cpu_par/4/200/1/iterations:5",5,1.47897e+08,1.38526e+08,ns,,,,,
"BM_convolution_cpu_par/4/200/2/iterations:5",5,1.47338e+08,1.37596e+08,ns,,,,,
"BM_convolution_cpu_par/4/200/3/iterations:5",5,1.86809e+08,1.60571e+08,ns,,,,,
"BM_convolution_cpu_par/4/200/4/iterations:5",5,2.44345e+08,2.03147e+08,ns,,,,,
"BM_convolution_cpu_par/4/200/5/iterations:5",5,3.16324e+08,2.59201e+08,ns,,,,,
"BM_convolution_cpu_par/4/200/6/iterations:5",5,4.02761e+08,3.33901e+08,ns,,,,,
"BM_convolution_cpu_par/4/200/7/iterations:5",5,5.06444e+08,4.20991e+08,ns,,,,,
"BM_convolution_cpu_par/4/200/8/iterations:5",5,6.27403e+08,5.21511e+08,ns,,,,,
"BM_convolution_cpu_par/4/200/9/iterations:5",5,7.56489e+08,6.35047e+08,ns,,,,,
"BM_convolution_cpu_par/4/200/10/iterations:5",5,9.03768e+08,7.73046e+08,ns,,,,,
"BM_convolution_cpu_par/4/200/11/iterations:5",5,1.06147e+09,9.0642e+08,ns,,,,,
"BM_convolution_cpu_par/4/300/1/iterations:5",5,2.17498e+08,2.03513e+08,ns,,,,,
"BM_convolution_cpu_par/4/300/2/iterations:5",5,2.19986e+08,2.04374e+08,ns,,,,,
"BM_convolution_cpu_par/4/300/3/iterations:5",5,2.84512e+08,2.41481e+08,ns,,,,,
"BM_convolution_cpu_par/4/300/4/iterations:5",5,3.65692e+08,3.0377e+08,ns,,,,,
"BM_convolution_cpu_par/4/300/5/iterations:5",5,4.72411e+08,3.88033e+08,ns,,,,,
"BM_convolution_cpu_par/4/300/6/iterations:5",5,6.02914e+08,4.98727e+08,ns,,,,,
"BM_convolution_cpu_par/4/300/7/iterations:5",5,7.59116e+08,6.27925e+08,ns,,,,,
"BM_convolution_cpu_par/4/300/8/iterations:5",5,9.31071e+08,7.77174e+08,ns,,,,,
"BM_convolution_cpu_par/4/300/9/iterations:5",5,1.1467e+09,9.57676e+08,ns,,,,,
"BM_convolution_cpu_par/4/300/10/iterations:5",5,1.37635e+09,1.14794e+09,ns,,,,,
"BM_convolution_cpu_par/4/300/11/iterations:5",5,1.59777e+09,1.35782e+09,ns,,,,,
"BM_convolution_cpu_par/4/400/1/iterations:5",5,2.85994e+08,2.67053e+08,ns,,,,,
"BM_convolution_cpu_par/4/400/2/iterations:5",5,2.95834e+08,2.75831e+08,ns,,,,,
"BM_convolution_cpu_par/4/400/3/iterations:5",5,3.72291e+08,3.19491e+08,ns,,,,,
"BM_convolution_cpu_par/4/400/4/iterations:5",5,4.85955e+08,4.04462e+08,ns,,,,,
"BM_convolution_cpu_par/4/400/5/iterations:5",5,6.63612e+08,5.36534e+08,ns,,,,,
"BM_convolution_cpu_par/4/400/6/iterations:5",5,8.37978e+08,6.82327e+08,ns,,,,,
"BM_convolution_cpu_par/4/400/7/iterations:5",5,1.07523e+09,8.75481e+08,ns,,,,,
"BM_convolution_cpu_par/4/400/8/iterations:5",5,1.33826e+09,1.08539e+09,ns,,,,,
"BM_convolution_cpu_par/4/400/9/iterations:5",5,1.59092e+09,1.3032e+09,ns,,,,,
"BM_convolution_cpu_par/4/400/10/iterations:5",5,1.84512e+09,1.54477e+09,ns,,,,,
"BM_convolution_cpu_par/4/400/11/iterations:5",5,2.13519e+09,1.81107e+09,ns,,,,,
"BM_convolution_cpu_par/4/500/1/iterations:5",5,3.62652e+08,3.38492e+08,ns,,,,,
"BM_convolution_cpu_par/4/500/2/iterations:5",5,3.66464e+08,3.41262e+08,ns,,,,,
"BM_convolution_cpu_par/4/500/3/iterations:5",5,4.79217e+08,4.06491e+08,ns,,,,,
"BM_convolution_cpu_par/4/500/4/iterations:5",5,6.03967e+08,5.00978e+08,ns,,,,,
"BM_convolution_cpu_par/4/500/5/iterations:5",5,7.83432e+08,6.42639e+08,ns,,,,,
"BM_convolution_cpu_par/4/500/6/iterations:5",5,1.02427e+09,8.38499e+08,ns,,,,,
"BM_convolution_cpu_par/4/500/7/iterations:5",5,1.2787e+09,1.05054e+09,ns,,,,,
"BM_convolution_cpu_par/4/500/8/iterations:5",5,1.71756e+09,1.38387e+09,ns,,,,,
"BM_convolution_cpu_par/4/500/9/iterations:5",5,1.95298e+09,1.62069e+09,ns,,,,,
"BM_convolution_cpu_par/4/500/10/iterations:5",5,2.28231e+09,1.92418e+09,ns,,,,,
"BM_convolution_cpu_par/4/500/11/iterations:5",5,2.65373e+09,2.26936e+09,ns,,,,,
"BM_convolution_cpu_par/5/100/1/iterations:5",5,7.83951e+07,7.38275e+07,ns,,,,,
"BM_convolution_cpu_par/5/100/2/iterations:5",5,8.94281e+07,7.83914e+07,ns,,,,,
"BM_convolution_cpu_par/5/100/3/iterations:5",5,1.24206e+08,1.02781e+08,ns,,,,,
"BM_convolution_cpu_par/5/100/4/iterations:5",5,1.70095e+08,1.39489e+08,ns,,,,,
"BM_convolution_cpu_par/5/100/5/iterations:5",5,2.26395e+08,1.86617e+08,ns,,,,,
"BM_convolution_cpu_par/5/100/6/iterations:5",5,2.95059e+08,2.44832e+08,ns,,,,,
"BM_convolution_cpu_par/5/100/7/iterations:5",5,3.79502e+08,3.16757e+08,ns,,,,,
"BM_convolution_cpu_par/5/100/8/iterations:5",5,4.67005e+08,3.93871e+08,ns,,,,,
"BM_convolution_cpu_par/5/100/9/iterations:5",5,5.70674e+08,4.8509e+08,ns,,,,,
"BM_convolution_cpu_par/5/100/10/iterations:5",5,6.84602e+08,5.76519e+08,ns,,,,,
"BM_convolution_cpu_par/5/100/11/iterations:5",5,8.05724e+08,6.9068e+08,ns,,,,,
"BM_convolution_cpu_par/5/200/1/iterations:5",5,1.54697e+08,1.45426e+08,ns,,,,,
"BM_convolution_cpu_par/5/200/2/iterations:5",5,1.78689e+08,1.56073e+08,ns,,,,,
"BM_convolution_cpu_par/5/200/3/iterations:5",5,2.50761e+08,2.06653e+08,ns,,,,,
"BM_convolution_cpu_par/5/200/4/iterations:5",5,3.36813e+08,2.76028e+08,ns,,,,,
"BM_convolution_cpu_par/5/200/5/iterations:5",5,4.5078e+08,3.69942e+08,ns,,,,,
"BM_convolution_cpu_par/5/200/6/iterations:5",5,5.86898e+08,4.89925e+08,ns,,,,,
"BM_convolution_cpu_par/5/200/7/iterations:5",5,7.48259e+08,6.3022e+08,ns,,,,,
"BM_convolution_cpu_par/5/200/8/iterations:5",5,9.31177e+08,7.84494e+08,ns,,,,,
"BM_convolution_cpu_par/5/200/9/iterations:5",5,1.13932e+09,9.70068e+08,ns,,,,,
"BM_convolution_cpu_par/5/200/10/iterations:5",5,1.36696e+09,1.1676e+09,ns,,,,,
"BM_convolution_cpu_par/5/200/11/iterations:5",5,1.60771e+09,1.38792e+09,ns,,,,,
"BM_convolution_cpu_par/5/300/1/iterations:5",5,2.30828e+08,2.16951e+08,ns,,,,,
"BM_convolution_cpu_par/5/300/2/iterations:5",5,2.6688e+08,2.33295e+08,ns,,,,,
"BM_convolution_cpu_par/5/300/3/iterations:5",5,3.71792e+08,3.07358e+08,ns,,,,,
"BM_convolution_cpu_par/5/300/4/iterations:5",5,5.20389e+08,4.2214e+08,ns,,,,,
"BM_convolution_cpu_par/5/300/5/iterations:5",5,6.84113e+08,5.61176e+08,ns,,,,,
"BM_convolution_cpu_par/5/300/6/iterations:5",5,8.92081e+08,7.36064e+08,ns,,,,,
"BM_convolution_cpu_par/5/300/7/iterations:5",5,1.12149e+09,9.33938e+08,ns,,,,,
"BM_convolution_cpu_par/5/300/8/iterations:5",5,1.44184e+09,1.19239e+09,ns,,,,,
"BM_convolution_cpu_par/5/300/9/iterations:5",5,1.74361e+09,1.45288e+09,ns,,,,,
"BM_convolution_cpu_par/5/300/10/iterations:5",5,2.08382e+09,1.73973e+09,ns,,,,,
"BM_convolution_cpu_par/5/300/11/iterations:5",5,2.42972e+09,2.06856e+09,ns,,,,,
"BM_convolution_cpu_par/5/400/1/iterations:5",5,3.0838e+08,2.89296e+08,ns,,,,,
"BM_convolution_cpu_par/5/400/2/iterations:5",5,3.64271e+08,3.1471e+08,ns,,,,,
"BM_convolution_cpu_par/5/400/3/iterations:5",5,4.95449e+08,4.07102e+08,ns,,,,,
"BM_convolution_cpu_par/5/400/4/iterations:5",5,6.76932e+08,5.52779e+08,ns,,,,,
"BM_convolution_cpu_par/5/400/5/iterations:5",5,8.98192e+08,7.41881e+08,ns,,,,,
"BM_convolution_cpu_par/5/400/6/iterations:5",5,1.16938e+09,9.77501e+08,ns,,,,,
"BM_convolution_cpu_par/5/400/7/iterations:5",5,1.49123e+09,1.25761e+09,ns,,,,,
"BM_convolution_cpu_par/5/400/8/iterations:5",5,1.85669e+09,1.57808e+09,ns,,,,,
"BM_convolution_cpu_par/5/400/9/iterations:5",5,2.28028e+09,1.93593e+09,ns,,,,,
"BM_convolution_cpu_par/5/400/10/iterations:5",5,2.7275e+09,2.34281e+09,ns,,,,,
"BM_convolution_cpu_par/5/400/11/iterations:5",5,3.20937e+09,2.7827e+09,ns,,,,,
"BM_convolution_cpu_par/5/500/1/iterations:5",5,3.81362e+08,3.58738e+08,ns,,,,,
"BM_convolution_cpu_par/5/500/2/iterations:5",5,4.40962e+08,3.8567e+08,ns,,,,,
"BM_convolution_cpu_par/5/500/3/iterations:5",5,6.12026e+08,5.0595e+08,ns,,,,,
"BM_convolution_cpu_par/5/500/4/iterations:5",5,8.40659e+08,6.90775e+08,ns,,,,,
"BM_convolution_cpu_par/5/500/5/iterations:5",5,1.1171e+09,9.2324e+08,ns,,,,,
"BM_convolution_cpu_par/5/500/6/iterations:5",5,1.46057e+09,1.21926e+09,ns,,,,,
"BM_convolution_cpu_par/5/500/7/iterations:5",5,1.96155e+09,1.61176e+09,ns,,,,,
"BM_convolution_cpu_par/5/500/8/iterations:5",5,2.35799e+09,1.9742e+09,ns,,,,,
"BM_convolution_cpu_par/5/500/9/iterations:5",5,2.99442e+09,2.49336e+09,ns,,,,,
"BM_convolution_cpu_par/5/500/10/iterations:5",5,3.39584e+09,2.93545e+09,ns,,,,,
"BM_convolution_cpu_par/5/500/11/iterations:5",5,4.01149e+09,3.4693e+09,ns,,,,,
"BM_convolution_cpu_par/20/1/1/iterations:5",5,6.01331e+06,4.56204e+06,ns,,,,,
"BM_convolution_cpu_par/20/1/2/iterations:5",5,9.44646e+06,7.6602e+06,ns,,,,,
"BM_convolution_cpu_par/20/1/3/iterations:5",5,1.53066e+07,1.33602e+07,ns,,,,,
"BM_convolution_cpu_par/20/1/4/iterations:5",5,2.21283e+07,1.95249e+07,ns,,,,,
"BM_convolution_cpu_par/20/1/5/iterations:5",5,3.12483e+07,2.84514e+07,ns,,,,,
"BM_convolution_cpu_par/20/1/6/iterations:5",5,4.24798e+07,3.52397e+07,ns,,,,,
"BM_convolution_cpu_par/20/1/7/iterations:5",5,5.43496e+07,4.84535e+07,ns,,,,,
"BM_convolution_cpu_par/20/1/8/iterations:5",5,6.91679e+07,6.54465e+07,ns,,,,,
"BM_convolution_cpu_par/20/1/9/iterations:5",5,8.6227e+07,8.07942e+07,ns,,,,,
"BM_convolution_cpu_par/20/1/10/iterations:5",5,1.04014e+08,9.62174e+07,ns,,,,,
"BM_convolution_cpu_par/20/1/11/iterations:5",5,1.23046e+08,1.12445e+08,ns,,,,,
"BM_convolution_cpu_par/30/1/1/iterations:5",5,9.94091e+06,7.49641e+06,ns,,,,,
"BM_convolution_cpu_par/30/1/2/iterations:5",5,1.81269e+07,1.44625e+07,ns,,,,,
"BM_convolution_cpu_par/30/1/3/iterations:5",5,3.10691e+07,2.40757e+07,ns,,,,,
"BM_convolution_cpu_par/30/1/4/iterations:5",5,4.6932e+07,4.04504e+07,ns,,,,,
"BM_convolution_cpu_par/30/1/5/iterations:5",5,6.75122e+07,5.84109e+07,ns,,,,,
"BM_convolution_cpu_par/30/1/6/iterations:5",5,9.10774e+07,8.41425e+07,ns,,,,,
"BM_convolution_cpu_par/30/1/7/iterations:5",5,1.19534e+08,1.13884e+08,ns,,,,,
"BM_convolution_cpu_par/30/1/8/iterations:5",5,1.54778e+08,1.34547e+08,ns,,,,,
"BM_convolution_cpu_par/30/1/9/iterations:5",5,1.95067e+08,1.82833e+08,ns,,,,,
"BM_convolution_cpu_par/30/1/10/iterations:5",5,2.40389e+08,2.1594e+08,ns,,,,,
"BM_convolution_cpu_par/30/1/11/iterations:5",5,2.90132e+08,2.44646e+08,ns,,,,,
"BM_convolution_cpu_par/20/100/1/iterations:5",5,3.47563e+08,2.60882e+08,ns,,,,,
"BM_convolution_cpu_par/20/100/2/iterations:5",5,7.04429e+08,5.64893e+08,ns,,,,,
"BM_convolution_cpu_par/20/100/3/iterations:5",5,1.26981e+09,1.07731e+09,ns,,,,,
"BM_convolution_cpu_par/20/100/4/iterations:5",5,1.99116e+09,1.73867e+09,ns,,,,,
"BM_convolution_cpu_par/20/100/5/iterations:5",5,2.89063e+09,2.57909e+09,ns,,,,,
"BM_convolution_cpu_par/20/100/6/iterations:5",5,4.05269e+09,3.31642e+09,ns,,,,,
"BM_convolution_cpu_par/20/100/7/iterations:5",5,5.20736e+09,4.78162e+09,ns,,,,,
"BM_convolution_cpu_par/20/100/8/iterations:5",5,6.64434e+09,6.06377e+09,ns,,,,,
"BM_convolution_cpu_par/20/100/9/iterations:5",5,8.24741e+09,7.5364e+09,ns,,,,,
"BM_convolution_cpu_par/20/100/10/iterations:5",5,1.00302e+10,9.16763e+09,ns,,,,,
"BM_convolution_cpu_par/20/100/11/iterations:5",5,1.22038e+10,9.93268e+09,ns,,,,,
"BM_convolution_cpu_par/20/200/1/iterations:5",5,6.98197e+08,5.23807e+08,ns,,,,,
"BM_convolution_cpu_par/20/200/2/iterations:5",5,1.44857e+09,1.12365e+09,ns,,,,,
"BM_convolution_cpu_par/20/200/3/iterations:5",5,2.61736e+09,2.08256e+09,ns,,,,,
"BM_convolution_cpu_par/20/200/4/iterations:5",5,3.99298e+09,3.46259e+09,ns,,,,,
"BM_convolution_cpu_par/20/200/5/iterations:5",5,5.8106e+09,5.09382e+09,ns,,,,,
"BM_convolution_cpu_par/20/200/6/iterations:5",5,8.01455e+09,6.89884e+09,ns,,,,,
"BM_convolution_cpu_par/20/200/7/iterations:5",5,1.04381e+10,9.48031e+09,ns,,,,,
"BM_convolution_cpu_par/20/200/8/iterations:5",5,1.33659e+10,1.19464e+10,ns,,,,,
"BM_convolution_cpu_par/20/200/9/iterations:5",5,1.66799e+10,1.46003e+10,ns,,,,,
"BM_convolution_cpu_par/20/200/10/iterations:5",5,2.0659e+10,1.61255e+10,ns,,,,,
"BM_convolution_cpu_par/20/200/11/iterations:5",5,2.4196e+10,2.18856e+10,ns,,,,,
"BM_convolution_cpu_par/20/300/1/iterations:5",5,1.0402e+09,7.82713e+08,ns,,,,,
"BM_convolution_cpu_par/20/300/2/iterations:5",5,2.1428e+09,1.70442e+09,ns,,,,,
"BM_convolution_cpu_par/20/300/3/iterations:5",5,3.87931e+09,3.1647e+09,ns,,,,,
"BM_convolution_cpu_par/20/300/4/iterations:5",5,6.09477e+09,5.0026e+09,ns,,,,,
"BM_convolution_cpu_par/20/300/5/iterations:5",5,8.81642e+09,7.42615e+09,ns,,,,,
"BM_convolution_cpu_par/20/300/6/iterations:5",5,1.20941e+10,1.02702e+10,ns,,,,,
"BM_convolution_cpu_par/20/300/7/iterations:5",5,1.59345e+10,1.34891e+10,ns,,,,,
"BM_convolution_cpu_par/20/300/8/iterations:5",5,2.02502e+10,1.76088e+10,ns,,,,,
"BM_convolution_cpu_par/20/300/9/iterations:5",5,2.51387e+10,2.20224e+10,ns,,,,,
"BM_convolution_cpu_par/20/300/10/iterations:5",5,3.05194e+10,2.72226e+10,ns,,,,,
"BM_convolution_cpu_par/20/300/11/iterations:5",5,3.64415e+10,3.25957e+10,ns,,,,,
"BM_convolution_cpu_par/20/400/1/iterations:5",5,1.395e+09,1.0483e+09,ns,,,,,
"BM_convolution_cpu_par/20/400/2/iterations:5",5,2.88256e+09,2.27445e+09,ns,,,,,
"BM_convolution_cpu_par/20/400/3/iterations:5",5,5.29767e+09,4.02818e+09,ns,,,,,
"BM_convolution_cpu_par/20/400/4/iterations:5",5,8.11473e+09,6.76914e+09,ns,,,,,
"BM_convolution_cpu_par/20/400/5/iterations:5",5,1.18177e+10,9.80523e+09,ns,,,,,
"BM_convolution_cpu_par/20/400/6/iterations:5",5,1.61084e+10,1.38952e+10,ns,,,,,
"BM_convolution_cpu_par/20/400/7/iterations:5",5,2.11297e+10,1.85572e+10,ns,,,,,
"BM_convolution_cpu_par/20/400/8/iterations:5",5,2.69928e+10,2.36109e+10,ns,,,,,
"BM_convolution_cpu_par/20/400/9/iterations:5",5,3.35702e+10,2.9107e+10,ns,,,,,
"BM_convolution_cpu_par/20/400/10/iterations:5",5,4.06467e+10,3.62649e+10,ns,,,,,
"BM_convolution_cpu_par/20/400/11/iterations:5",5,4.86601e+10,4.28745e+10,ns,,,,,
"BM_convolution_cpu_par/20/500/1/iterations:5",5,1.7605e+09,1.32444e+09,ns,,,,,
"BM_convolution_cpu_par/20/500/2/iterations:5",5,3.59582e+09,2.82929e+09,ns,,,,,
"BM_convolution_cpu_par/20/500/3/iterations:5",5,6.45199e+09,5.29098e+09,ns,,,,,
"BM_convolution_cpu_par/20/500/4/iterations:5",5,1.01798e+10,8.26951e+09,ns,,,,,
"BM_convolution_cpu_par/20/500/5/iterations:5",5,1.47208e+10,1.23086e+10,ns,,,,,
"BM_convolution_cpu_par/20/500/6/iterations:5",5,2.02332e+10,1.6821e+10,ns,,,,,
"BM_convolution_cpu_par/20/500/7/iterations:5",5,2.66618e+10,2.1674e+10,ns,,,,,
"BM_convolution_cpu_par/20/500/8/iterations:5",5,3.41497e+10,2.80916e+10,ns,,,,,
"BM_convolution_cpu_par/20/500/9/iterations:5",5,4.23002e+10,3.22594e+10,ns,,,,,
"BM_convolution_cpu_par/20/500/10/iterations:5",5,5.02202e+10,4.44911e+10,ns,,,,,
"BM_convolution_cpu_par/20/500/11/iterations:5",5,5.9654e+10,5.47153e+10,ns,,,,,
"BM_convolution_cpu_par/30/100/1/iterations:5",5,6.67854e+08,5.18644e+08,ns,,,,,
"BM_convolution_cpu_par/30/100/2/iterations:5",5,1.4896e+09,1.22507e+09,ns,,,,,
"BM_convolution_cpu_par/30/100/3/iterations:5",5,2.76333e+09,2.33643e+09,ns,,,,,
"BM_convolution_cpu_par/30/100/4/iterations:5",5,4.35287e+09,3.89406e+09,ns,,,,,
"BM_convolution_cpu_par/30/100/5/iterations:5",5,6.3597e+09,5.72683e+09,ns,,,,,
"BM_convolution_cpu_par/30/100/6/iterations:5",5,8.81171e+09,7.73264e+09,ns,,,,,
"BM_convolution_cpu_par/30/100/7/iterations:5",5,1.15712e+10,1.05186e+10,ns,,,,,
"BM_convolution_cpu_par/30/100/8/iterations:5",5,1.47775e+10,1.33585e+10,ns,,,,,
"BM_convolution_cpu_par/30/100/9/iterations:5",5,1.84439e+10,1.64767e+10,ns,,,,,
"BM_convolution_cpu_par/30/100/10/iterations:5",5,2.2188e+10,2.08734e+10,ns,,,,,
"BM_convolution_cpu_par/30/100/11/iterations:5",5,2.67754e+10,2.45749e+10,ns,,,,,
"BM_convolution_cpu_par/30/200/1/iterations:5",5,1.32993e+09,1.0338e+09,ns,,,,,
"BM_convolution_cpu_par/30/200/2/iterations:5",5,2.97719e+09,2.44425e+09,ns,,,,,
"BM_convolution_cpu_par/30/200/3/iterations:5",5,5.52351e+09,4.69684e+09,ns,,,,,
"BM_convolution_cpu_par/30/200/4/iterations:5",5,8.76944e+09,7.65549e+09,ns,,,,,
"BM_convolution_cpu_par/30/200/5/iterations:5",5,1.27682e+10,1.14242e+10,ns,,,,,
"BM_convolution_cpu_par/30/200/6/iterations:5",5,1.76045e+10,1.57647e+10,ns,,,,,
"BM_convolution_cpu_par/30/200/7/iterations:5",5,2.32602e+10,2.06951e+10,ns,,,,,
"BM_convolution_cpu_par/30/200/8/iterations:5",5,2.96499e+10,2.69755e+10,ns,,,,,
"BM_convolution_cpu_par/30/200/9/iterations:5",5,3.68444e+10,3.3297e+10,ns,,,,,
"BM_convolution_cpu_par/30/200/10/iterations:5",5,4.49696e+10,4.03547e+10,ns,,,,,
"BM_convolution_cpu_par/30/200/11/iterations:5",5,5.37331e+10,4.92925e+10,ns,,,,,
"BM_convolution_cpu_par/30/300/1/iterations:5",5,2.05744e+09,1.54311e+09,ns,,,,,
"BM_convolution_cpu_par/30/300/2/iterations:5",5,4.44664e+09,3.69423e+09,ns,,,,,
"BM_convolution_cpu_par/30/300/3/iterations:5",5,8.30576e+09,6.95477e+09,ns,,,,,
"BM_convolution_cpu_par/30/300/4/iterations:5",5,1.31831e+10,1.12968e+10,ns,,,,,
"BM_convolution_cpu_par/30/300/5/iterations:5",5,1.91991e+10,1.70234e+10,ns,,,,,
"BM_convolution_cpu_par/30/300/6/iterations:5",5,2.64312e+10,2.39495e+10,ns,,,,,
"BM_convolution_cpu_par/30/300/7/iterations:5",5,3.50643e+10,3.0621e+10,ns,,,,,
"BM_convolution_cpu_par/30/300/8/iterations:5",5,4.50463e+10,3.81768e+10,ns,,,,,
"BM_convolution_cpu_par/30/300/9/iterations:5",5,5.5461e+10,4.98982e+10,ns,,,,,
"BM_convolution_cpu_par/30/300/10/iterations:5",5,6.71944e+10,6.16149e+10,ns,,,,,
"BM_convolution_cpu_par/30/300/11/iterations:5",5,7.9977e+10,7.48362e+10,ns,,,,,
"BM_convolution_cpu_par/30/400/1/iterations:5",5,2.65842e+09,2.05879e+09,ns,,,,,
"BM_convolution_cpu_par/30/400/2/iterations:5",5,5.8978e+09,4.95387e+09,ns,,,,,
"BM_convolution_cpu_par/30/400/3/iterations:5",5,1.09045e+10,9.6156e+09,ns,,,,,
"BM_convolution_cpu_par/30/400/4/iterations:5",5,1.73441e+10,1.56735e+10,ns,,,,,
"BM_convolution_cpu_par/30/400/5/iterations:5",5,2.57609e+10,2.19063e+10,ns,,,,,
"BM_convolution_cpu_par/30/400/6/iterations:5",5,3.53377e+10,3.10662e+10,ns,,,,,
"BM_convolution_cpu_par/30/400/7/iterations:5",5,4.66656e+10,4.12397e+10,ns,,,,,
"BM_convolution_cpu_par/30/400/8/iterations:5",5,5.99172e+10,5.11005e+10,ns,,,,,
"BM_convolution_cpu_par/30/400/9/iterations:5",5,7.4639e+10,6.25612e+10,ns,,,,,
"BM_convolution_cpu_par/30/400/10/iterations:5",5,9.21838e+10,6.65784e+10,ns,,,,,
"BM_convolution_cpu_par/30/400/11/iterations:5",5,1.07722e+11,9.62457e+10,ns,,,,,
"BM_convolution_cpu_par/30/500/1/iterations:5",5,3.35952e+09,2.56373e+09,ns,,,,,
"BM_convolution_cpu_par/30/500/2/iterations:5",5,7.45285e+09,6.15548e+09,ns,,,,,
"BM_convolution_cpu_par/30/500/3/iterations:5",5,1.37468e+10,1.18515e+10,ns,,,,,
"BM_convolution_cpu_par/30/500/4/iterations:5",5,2.18718e+10,1.93449e+10,ns,,,,,
"BM_convolution_cpu_par/30/500/5/iterations:5",5,3.18733e+10,2.87474e+10,ns,,,,,
"BM_convolution_cpu_par/30/500/6/iterations:5",5,4.39534e+10,4.01293e+10,ns,,,,,
"BM_convolution_cpu_par/30/500/7/iterations:5",5,5.79356e+10,5.31549e+10,ns,,,,,
"BM_convolution_cpu_par/30/500/8/iterations:5",5,7.50148e+10,6.35373e+10,ns,,,,,
"BM_convolution_cpu_par/30/500/9/iterations:5",5,9.17487e+10,8.51502e+10,ns,,,,,
"BM_convolution_cpu_par/30/500/10/iterations:5",5,1.11709e+11,1.02029e+11,ns,,,,,
"BM_convolution_cpu_par/30/500/11/iterations:5",5,1.35331e+11,1.15152e+11,ns,,,,,
